date,time,user_name,text,link,retweet_counts,favorite_counts
2020-04-20,23:53:28,VyS8XlhCNBStUNN,더불어민주당 더불어시민당 합당? 미래한국당은 ,https://twitter.com/VyS8XlhCNBStUNN/status/1252384921936510977,0,0
2020-04-20,23:33:17,PRESSIAN_news,"""더불어민주당은 국민의 지지보다 과다대표되고 있고, 나머지 정당은 과소대표되고 있다. 제대로 된 연동형 비례대표제를 시행했다면 수도권에서 미래통합당은 26석, 정의당은 12석, 국민의당은 11석을 더 받을 수 있었다."" ",https://twitter.com/PRESSIAN_news/status/1252379842479194121,23,21
2020-04-20,23:30:32,jrainbowcat,문재인과 더불어민주당 국개머슴들과 조국과 정경심이 봐야 할 뉴스군요. 상식이 뭔지 정의가 뭔지 원칙이 뭔지 모르는 사람들이니까요. ,https://twitter.com/jrainbowcat/status/1252379149836054529,0,0
2020-04-20,23:29:37,jsh7e15,"충남 당진시 선거구에 출마해 재선에 성공한 어기구 더불어민주당 의원 유권자에 ""X자식"" 욕설 의혹 당선 엿새만에..어기구 의원, 유권자에 ""X자식"" 욕설 의혹 | 다음 뉴스 ",https://twitter.com/jsh7e15/status/1252378919912615937,2,0
2020-04-20,23:21:37,redgari1,더불어민주당이 채무 불이행 위험이 높은 회사채를 한국은행이 시장에서 직접 매입할 수 있도록 한은법 개정을 추진함. 매일경제 취재에 따르면 윤호중 민주당 사무총장이 당 정책위원회와 협의를 거쳐 이 같은 내용을 골자로 한 한은법 개정안 마련 작업에 착수함. #매세지200421,https://twitter.com/redgari1/status/1252376905686216707,0,0
2020-04-20,23:20:39,kju7154,"더불어민주당을 패륜 막장당으로 내몰고 원칙과상식,도덕성을 쓰레기통에 쳐박은 패륜잡범 찢재명 제명하고 반문수장 찢견좌장 찢해찬은 사퇴하라 #찢재명유죄_대법확정판결하라 #찢해찬은_사퇴하라 #윤석열을_탄핵하라",https://twitter.com/kju7154/status/1252376664627015682,11,5
2020-04-20,23:20:07,tlve3831D6efJGa,더불어민주당 이해찬 든든캠프 사상구 조직특보 한갑수 이번 선대위원장에서는 좋은 결과 주지 못하여 죄송합니다. ,https://twitter.com/tlve3831D6efJGa/status/1252376528471523328,0,2
2020-04-20,23:16:17,redgari1,"더불어민주당이 긴급재난지원금 전 국민 확대 지급을 강행하고 있지만 정부에 이어 야당도 사실상 반대 입장을 표명해 난항이 예상됨. 20일 정세균 국무총리는 ""한정된 재원을 고려해 재난지원금 대상에서 일부 고소득층을 불가피하게 제외했다""고 말함. #매세지200421",https://twitter.com/redgari1/status/1252375564809207809,0,0
2020-04-20,23:05:15,taek_cho,더불어 민주당은 명심해야 합니다. 오만이라 하는 것은 민심을 대변하지 않고 TV조선과 채널 A에 대하여 조건부 재승인을 내리는 것이 오만한 것입니다. 해야할 일을 하지 않는 것이 오만한 것입니다. 스마트한 국민들의 집단지성을 받아 안으면 성공합니다. 열린우리당의 실패를 되풀이 하지 않기를 ,https://twitter.com/taek_cho/status/1252372788335177731,0,0
2020-04-20,22:52:09,uchyi270,더불어시민당 #김홍걸 당선자에게 질문합니다 열린민주당이 더시민당보다 먼저 생긴 정당 이라는 사실 모릅니까? 그리고 선거 다끝난 마당에 상처 주는것 올바르지 않은 행태 입니다 #더불어시민당 #더불어민주당,https://twitter.com/uchyi270/status/1252369490685222917,0,0
2020-04-20,22:40:31,uchyi270,더불어민주당에 180석 이라는 의석을 유권자들이 선물을 주엇는데 그대답은 TV조선.채널A 재승인 #더불어민주 #청와대,https://twitter.com/uchyi270/status/1252366564474552320,0,0
2020-04-20,22:33:51,uchyi270,막 나가는 DJ아들 김홍걸 정말 정치 해서는 안될 사람 이구나 #더불어민주당 #DJ아들_김홍걸,https://twitter.com/uchyi270/status/1252364884966178817,0,0
2020-04-20,22:31:36,OHADAM7,"@TheMinjoo_Kr 그렇게 100%로가 좋으면, 정부에서 70% 마련하고, 더불어민주당에서 나머지30% 내고, ok? 콜?",https://twitter.com/OHADAM7/status/1252364320089837569,0,0
2020-04-20,22:28:06,OHADAM7,"@TheMinjoo_Kr 더불어민주당은 닥치고 대통령님과 정부에 협조하라. 국민의 명령이다. 문 대통령 ""경제 중대본 가동 준비하라"" | 다음뉴스 ",https://twitter.com/OHADAM7/status/1252363441118965764,0,0
2020-04-20,22:16:21,luv_vmin,이런빙신같은.대통령님뜻에따르라고.그러라고니네뽑앗다고. 뭐하는거냐.국민뜻거스르는.국회같은거필요없다.청원들어가야하냐.더불어민주당해체하라고?대통령님뜻에따라라. 이재용한테.그껌같은돈주면.뭐할껀데.혹시.니네국회의원님들이.그껌깞이받고싶은거냐?,https://twitter.com/luv_vmin/status/1252360483513876487,0,0
2020-04-20,22:16:11,luv_vmin,이런빙신같은.대통령님뜻에따르라고.그러라고니네뽑앗다고 .뭐하는거냐.국민뜻거스르는.국회같은거필요없다.청원들어가야하냐.더불어민주당해체하라고?대통령님뜻에따라라. 이재용한테.그껌같은돈주면.뭐할껀데.혹시.니네국회의원님들이.그껌깞이받고싶은거냐?,https://twitter.com/luv_vmin/status/1252360441314983940,0,0
2020-04-20,22:16:00,luv_vmin,이런빙신같은.대통령님뜻에따르라고.그러라고니네뽑앗다고 .뭐하는거냐.국민뜻거스르는.국회같은거필요없다.청원들어가야하냐.더불어민주당해체하라고?대통령님뜻에따라라. 이재용한테.그껌같은돈주면.뭐할껀데.혹시.니네국회의원님들이.그껌깞이받고싶은거냐?,https://twitter.com/luv_vmin/status/1252360395051810817,0,0
2020-04-20,22:15:10,luv_vmin,이런빙신같은.대통령님뜻에따르라고.그러라고니네뽑앗다고. 뭐하는거냐.국민뜻거스르는.국회같은거필요없다.청원들어가야하냐.더불어민주당해체하라고?대통령님뜻에따라라. 이재용한테.그껌같은돈주면.뭐할껀데.혹시.니네국회의원님들이.그껌깞이받고싶은거냐?,https://twitter.com/luv_vmin/status/1252360185080737794,0,0
2020-04-20,22:14:46,luv_vmin,이런빙신같은.대통령님뜻에따르라고.그러라고니네뽑앗다고.뭐하는거냐.국민뜻거스르는.국회같은거필요없다.청원들어가야하냐.더불어민주당해체하라고?대통령님뜻에따라라. 이재용한테.그껌같은돈주면.뭐할껀데.혹시.니네국회의원님들이.그껌깞이받고싶은거냐?,https://twitter.com/luv_vmin/status/1252360085172449281,0,0
2020-04-20,22:14:39,luv_vmin,이런빙신같은.대통령님뜻에따르라고.그러라고니네뽑앗다고.뭐하는거냐.국민뜻거스르는.국회같은거필요없다.청원들어가야하냐.더불어민주당해체하라고?대통령님뜻에따라라. 이재용한테.그껌같은돈주면.뭐할껀데.혹시.니네국회의원님들이.그껌깞이받고싶은거냐?,https://twitter.com/luv_vmin/status/1252360055342526469,1,0
2020-04-20,22:14:27,luv_vmin,이런빙신같은.대통령님뜻에따르라고.그러라고니네뽑앗다고. 뭐하는거냐.국민뜻거스르는.국회같은거필요없다.청원들어가야하냐.더불어민주당해체하라고?대통령님뜻에따라라. 이재용한테.그껌같은돈주면.뭐할껀데.혹시.니네국회의원님들이.그껌깞이받고싶은거냐?,https://twitter.com/luv_vmin/status/1252360003710668808,0,0
2020-04-20,22:14:06,luv_vmin,이런빙신같은.대통령님뜻에따르라고.그러라고니네뽑앗다고.뭐하는거냐.국민뜻거스르는.국회같은거필요없다.청원들어가야하냐.더불어민주당해체하라고?대통령님뜻에따라라. 이재용한테.그껌같은돈주면.뭐할껀데.혹시.니네국회의원님들이.그껌깞이받고싶은거냐?똑바로해라.,https://twitter.com/luv_vmin/status/1252359915470905348,0,0
2020-04-20,22:13:41,DTAM1leizwi1VGa,다시 뜯어보는 부동산 공약…'압승' 더불어민주당 약속 지킬까 ,https://twitter.com/DTAM1leizwi1VGa/status/1252359809686335489,0,0
2020-04-20,21:43:40,cwZICRFIxl77WNW, 홍남기 니가 대통령이다 홍남기 윤석열이 대한민국 대통령 소신 대단혀 문통 더불어민주당 정신 바짝 차려라 노무현대통령이 왜? 모든정책 추진 못했는지 기억하시라 (((항명))) 하는 공무원 놈들 일 안하는 공무원놈들 모조리 목아쥐 쳐라 사표 받으라고 답답 합니다 정말,https://twitter.com/cwZICRFIxl77WNW/status/1252352256298504195,9,6
2020-04-20,21:30:51,Gangnam4856,6 13 지방선거를 50여일 앞두고 경기도청의 해외 출장이 급증하고 있다. 이재명 전 경기 성남시장이 제7대 전국동시지방선거 더불어민주당 경기지사 후보로 20일 최종 확정됐다. 강남오피,https://twitter.com/Gangnam4856/status/1252349032413839360,0,0
2020-04-20,21:27:21,ShinJiMin365,닉값 못하는 동북아의 여당들 더불어민주당 : 민주적이지 않음 일본 자유민주당 : 자유롭지도 민주적이지도 않음 조선로동당 : 노동자들 ㅈ도 위하지 않음 중국공산당 : 자본가랑 결탁해 노동자운동을 때려잡는 자본가당.,https://twitter.com/ShinJiMin365/status/1252348150230048777,0,0
2020-04-20,21:27:16,happy_edwardlee,"'득표율 50% 미만' 민주당, 180석 압승의 미스터리 압승 거둔 與 전국 득표는 49%… 완패한 통합당은 40% 경기서는 53% 득표로 의석 86% 민주당이 가져가 표심 왜곡 완화한다던 연비제는 위성정당에 무력화 “민심 올바로 반영하는 선거법 개정 논의 서둘러야” 더불어민주당이 -이정남 기자- ",https://twitter.com/happy_edwardlee/status/1252348130462318594,0,1
2020-04-20,21:21:43,zS1BWCqrtUEIBXA,"'득표율 50% 미만' 민주당, 180석 압승의 미스터리 압승 거둔 與 전국 득표는 49%… 완패한 통합당은 40% 경기서는 53% 득표로 의석 86% 민주당이 가져가 ,표심 왜곡 완화한다던 연비제는 위성정당에 무력화“민심 올바로 반영하는 선거법 개정 논의 서둘러야” 더불어민주당이 -이정남 기자- ",https://twitter.com/zS1BWCqrtUEIBXA/status/1252346732119093256,1,2
2020-04-20,21:15:53,dkxm1202,선거승리 못하면 문재인정부 탄핵에 망한다며 울고불고 몰빵론에 DNA 검사를 해야 한다는 둥! 과반을 못넘긴다고 갖은 뻥치더니 180석 넘게 의석을 챙기자 정부에 벌써부터 반기드는 이해찬과 더불어민주당 위선자들.. 김홍걸.털보.개장수 당신들은 절대 용서못한다! 정신차려 더불어민주당! ,https://twitter.com/dkxm1202/status/1252345263957504004,4,2
2020-04-20,21:09:13,soliloque_,"오스트리아 장관들 전원, 팬데믹으로 일자리 잃은 이들과의 연대의 뜻으로 월급 한달치씩 통째로 기부. 코로나19 퇴치에 기여한 기관을 각자 선택해 기부. 화합과 단결의 신호. @TheMinjoo_Kr @moonriver365 #더불어민주당 의원님들, 당신들 월급은 어디에 기부할 예정인가요?",https://twitter.com/soliloque_/status/1252343588660240390,6,2
2020-04-20,21:06:00,Zeno_zesu,#더불어민주당 #김병기의원 비서관 #이운용 #가정폭력의혹 #일베 https://www.instagram.com/p/B_N5amkpKTT/?igshid=mt4cjin7smk3,https://twitter.com/Zeno_zesu/status/1252342777490202624,0,0
2020-04-20,21:05:10,kosanghun,더불어민주당 화이팅. 민주당의 '선구안'.. 영입인재 16명 중 12명 '금배지' | 다음 뉴스 ,https://twitter.com/kosanghun/status/1252342567972167682,1,2
2020-04-20,21:01:15,deep1117,검찰 겨눈 열린민주당 비대위.. 최강욱·황희석 체제 | 다음 뉴스 https://news.v.daum.net/v/20200420212018467 180석의 더불어민주당 보다 3석의 꼬마정당 열린민주당이 윤석열의 개망나니 검찰과 온몸으로 맞짱을 뜨고 싸우고 있다.. 이래서 열린민주당을 응원하는 거다.. 배부른 공룡정당 더불어민주당 한심하다..,https://twitter.com/deep1117/status/1252341582218407939,5,5
2020-04-20,20:55:21,skyfeel6666,소신보다 정당이우선이다 선당후사란말이 괜히있겠냐~~ 더불어민주당이 살아야 너도당선되는거야 소신발언은쉽게할수있지만 정당이무너지면 정권을잃는거야~ 제발원외에서많이배우고 참민주당인이되거라~~~,https://twitter.com/skyfeel6666/status/1252340098382741506,0,0
2020-04-20,20:51:02,thisfre,"[세계는 그리고 우리는] N번방 관전자들, 'N번방3법'으로 모두 처벌 가능해 - 백혜련 (국회의원 / 더불어민주당) https://www.youtube.com/watch?v=zoPjFwXd1hE",https://twitter.com/thisfre/status/1252339011634393088,0,0
2020-04-20,20:39:00,choiyunje,미래통합당이 내부분열이라 무슨 친문좌파와 비교를하나 ㅋㅋㅋ 더불어민주당 범죄자 들이나 왈가발가하지 여론으로 통합당을 해제시켜 점령하려는 수작하지마라 미래통합당이 당수습이 먼저인게 당연하고 그리고 아무리 내부수습이안돼더라도 민심을 듣고 민심을 위해 일하고 내부분열,https://twitter.com/choiyunje/status/1252335983304953857,0,0
2020-04-20,20:20:00,yonhaptweet,[팩트체크] '토지공개념'이 토지국유화? 사회주의 정책? https://www.yna.co.kr/view/AKR20200420120900502?input=tw 4·15 국회의원선거(총선)에서 여당인 더불어민주당이 압승하면서 문재인 정부가 집권 초기부터 추진했던 '토지공개념' 도입에 적극 나설 수 있다는 관측이 나옵니다 ,https://twitter.com/yonhaptweet/status/1252331201408520193,11,6
2020-04-20,19:56:01,hadeshands,https://youtu.be/l81XezJpx6w #국방부 #정경두 #송영무 #당나라군 #유화책 #글로벌호크 #더불어매국당 #더불어민주당 #열린민주당 #좌빨,https://twitter.com/hadeshands/status/1252325168879263744,0,0
2020-04-20,19:49:23,thisfre,"이렇게 반대를 위한 반대만 하는 미래통합당 때문에라도 이번 총선에서 #더불어민주당”이 압승해야 된다는 것, 이번 총선에서 위대한 촛불 민주시민들의 문재인 정부-더불어민주당에 대한 지지로 압승해서 정말 다행인 것,",https://twitter.com/thisfre/status/1252323498426380289,0,2
2020-04-20,19:33:12,eGxB0fFgYjNk1pu,"대깨문들은 정신차리세요 티벳, 위구르가 과연 남의 일이기만 할까요? 한국도 저렇게 될 날이 멀지 않았어요 제발 '더불어민주당=선' 이라는 말도 안되는 생각에서 깨어나시길",https://twitter.com/eGxB0fFgYjNk1pu/status/1252319424821858304,4,5
2020-04-20,19:12:39,janghoonin,서초을더불어민주당 https://www.youtube.com/channel/UCiJA_8I-BzTK2xmby6ZFPcQ 구독자 23명 ~유튜브구독1000명가자~ @TheMinjoo_Kr #더불어민주당 @platformparty20 #더불어시민당,https://twitter.com/janghoonin/status/1252314253039550465,0,1
2020-04-20,19:08:02,jesusokm7,"4.19혁명 60주년을 맞아: 경기도의회 더불어민주당(대표의원 염종현, 부천1)은 4.19혁명 60주년을 맞아 민주주의를 위해 하나뿐인 목숨을 바친 희생자들께 고마움을 전하며 그분들의 희생을 바탕으로 이룩한 민주주의를 더욱 굳건히 http://dlvr.it/RV79B3",https://twitter.com/jesusokm7/status/1252313092614049792,0,0
2020-04-20,19:00:42,ycX4TcgdsxPfWBS,더불어민주당은 취약계층을 돕기 위해 2개월간의 세비(1인당 374만원)를 모아 6억 8천 2백33만9천 원의 기부금을 마련할 예정이다 ,https://twitter.com/ycX4TcgdsxPfWBS/status/1252311244578553857,6,1
2020-04-20,18:32:37,hds1620,It is sad and frustrating how the fact about ROK has been distorted and delivered to the US. Even liberal or left Korean Americans have done such things because of their hatred for South Korea's President Moon Jae In the Korean Democratic Party 더불어민주당 ,https://twitter.com/hds1620/status/1252304178128486400,0,0
2020-04-20,18:14:30,QDPv9uHo083hiAT,열린민주당이 더불어민주당 위성정당도 아닌데 왜 해당행위라고 하지요. 대통령에게 부담이 될지는 지켜보면 알일.,https://twitter.com/QDPv9uHo083hiAT/status/1252299621193273344,0,0
2020-04-20,18:12:53,KukppaOm,"너무 와 닿는 말씀! ""우리 다시 한 번 총선승리의 기쁨을 누립시다!!! 우린 이런 부끄러운 인간들의 후예를 그들의 방식이 아닌 우리의 방식, 즉 민주주의의 투표로 물리쳤습니다!!! #더불어민주당 #백년정당 #김대중_노무현_문재인_역사의_승리"" #더불어민주당 #고마워요 #사랑해요",https://twitter.com/KukppaOm/status/1252299214345744384,0,1
2020-04-20,18:12:35,jesusokm7,"더민주 평택갑 홍기원 당선인, 당선 감사 거리인사: 제21대 총선 더불어민주당 평택시갑 홍기원 당선인이 당선 감사 피켓을 들고 거리인사로 눈길을 끌었다.&amp;nbsp;&amp;nbsp; &amp;nbsp; &amp;nbsp;&amp;nbsp; 홍기원 당선인은 20일 월요일 아침부터 '시민과 국민만 바라보고 … http://dlvr.it/RV6zKx",https://twitter.com/jesusokm7/status/1252299135279001605,0,0
2020-04-20,18:12:34,jesusokm7,"홍기원 당선인, 충혼탑 참배 후 해단식 열어 공식 선거일정 마무리: 홍기원 더불어민주당(평택시갑) 국회의원 당선인이 19일 오후 선거사무소에서 선거대책위원회 해단식을 갖고 선대위 활동을 공식적으로 마무리했다.&amp;nbsp; &amp;nbsp;&amp;nbsp; 홍 당선인은 해단식에 앞서 이날… http://dlvr.it/RV6zKq",https://twitter.com/jesusokm7/status/1252299134247165953,0,0
2020-04-20,18:03:04,gasoowang,더불어민주당 180명 의원들 이름 다 적어야할걸요? 당신네들 빼고 다 전국민 지급 찬성하니까~^^ 여론조사를 돌려봐도 결과는 전국민이었잖아. 그래서 공약걸은거고. 재정건전성은 OECD대비 상당히 안정적이라데? 그럼 뭐가 걱정이여? 국민들은 지금 힘들다고 대출받고 난리났는데. 국민을 살려아지.,https://twitter.com/gasoowang/status/1252296740872441856,0,1
2020-04-20,18:02:47,slowslow00,참 할 말 없으신가 보다. 더불어시민당이 더불어민주당과 합친다고 합니다. 열린민주당 당선자분들도 당대당 이든 개인자격이든 민주당으로 들어가게 되겠지요. 대통령님 많이 도와 주시기를 바랍니다.,https://twitter.com/slowslow00/status/1252296668927586312,0,0
2020-04-20,17:31:27,SSUL11111,"버닝썬이라는 검은 돈 세탁 경로 추정, https://youtu.be/amZUztTUU0A 그 끝에 더불어 민주당의 차이나게이트 방지법 반대, https://youtu.be/RAHP6Jb1FhY 그 대척점에 가짜뉴스와 혐오발언 처벌법 발의가 있다. https://youtu.be/94SDteEKCNI 미래 통합당 오세훈 후보는 유세 중 낮잠 방해?로 칼침 맞을 뻔했다.",https://twitter.com/SSUL11111/status/1252288787020824581,0,0
2020-04-20,17:22:41,FQdFY39LoL7bY8O,내일 저녁쯤 더불어 민주당과 민주당 인사들에게 다 보내는걸로ㅎ,https://twitter.com/FQdFY39LoL7bY8O/status/1252286578732351494,0,2
2020-04-20,17:05:11,qww9609,"시대아 문재인대통령님과 더불어민주당은 일심동체거든.. That is President Moon means the Democratic Party of Korea, vice versa...",https://twitter.com/qww9609/status/1252282174755102720,0,0
2020-04-20,16:59:19,Tanya99910906,이번 총선과 180석을 즐기고 있는데 #김홍걸 기사를 보고 짜게 식었다. 누구인지 찾아보니 앞으로 여당의 문제아가 될 상이다. 이미 비례된거 어쩔 수 없으니 #더불어민주당 에서 부디 입막음 해주십사 간곡히 말씀드립니다. ,https://twitter.com/Tanya99910906/status/1252280698787868673,0,0
2020-04-20,16:39:46,OTPBTPFTPAR,지 들 듣기 싫은 말만 해도 '막말' 운운하면서 개지랄떨던 더불어민주당이 선거조작 관련해서는 논평 한 마디없네 ㅋㅋㅋ 이 새끼들 어지간히 찔려가지고 이게 이슈화되는 자체가 두려운거지,https://twitter.com/OTPBTPFTPAR/status/1252275780865802243,0,1
2020-04-20,16:29:21,SungheeLee17,더불어 민주당. 시민당.. 저럴줄몰랐나? 열린민주당으로 힘 몰았으면 상황이 나아졌을것같은데.. 작은 흠결에 흥분해서 시민당찍더니.. 이꼴이다. 벌써부터...,https://twitter.com/SungheeLee17/status/1252273157328650252,0,0
2020-04-20,16:19:53,ohseongsoo78,트윗 상황을 보니 이제 본격적으로 더불어민주당 내부 싸움이 시작 되었습니다. 역시 적은 내부에 있다는 말이 맞는 것 같습니다.,https://twitter.com/ohseongsoo78/status/1252270776603951104,1,1
2020-04-20,16:04:45,Bgt6lsVYhvhjdSk,"주옥순,전광훈(사랑 제일교회) 조중동 언론사 tv조선 채널A 수구우파(미래통합당)막말꾼들 수구우파 극우적 tv패널들 차명진 같은 사람들에게 감사와 존경을 표합니다, 당신들께서 더불어민주당 을 제1당으로 위대한 180석 을 만들어준 공헌에 위대한 박수를 보내 드림니다.앞으로도 쭉 노력해주시길!",https://twitter.com/Bgt6lsVYhvhjdSk/status/1252266965617438721,0,0
2020-04-20,16:03:45,jgm2303,저의 울산 집이 매매(저의 경제)가 되고 더불어민주당에서 일을 하는 것에 찬동을 합니다. 저의 울산 집이 매매(저의 경제)가 되고 중소벤처기업부에서 일을 하는 것에 찬동을 합니다. 저의 울산 집 매매는 저의 경제(저의 부친이신 장준석님 가정과 저에 대한 피해 보상)입니다.,https://twitter.com/jgm2303/status/1252266714667995136,0,0
2020-04-20,15:58:10,decaf35583909,더불어 민주당 비서관 아내 이야기 너무 충격적,https://twitter.com/decaf35583909/status/1252265309232218112,0,0
2020-04-20,15:42:55,paul_heyum,국민을 위해 힘쓰는 문재인 정부를 위한 더불어민주당(여당)이 되도록 힘써 주세요^^ 국민의 한 사람으로써 항상 응원하겠습니다.,https://twitter.com/paul_heyum/status/1252261472970739712,0,2
2020-04-20,15:34:17,CIHF3txjZDXyD1q,긴급재난자금 전국민을 상대로 4인가족 80만원을 주장하는 더불어민주당. 하위 70%에게 4인가족 100만원을 주자는 미래통합당. 부자가 1인당 20만원 받는 것보다는 하위소득계층이 25만원 받는 것이 낫다는 본다. 달리 말하면 30%부자가 20만원을 포기하면 70%의 하위소득자가 5만원을 더 받는것이다,https://twitter.com/CIHF3txjZDXyD1q/status/1252259298077335557,0,1
2020-04-20,15:32:58,two_wool,성급하게 더불어민주당에 입당할 생각마시고 의정할동 열심히 하시면 국민들이 알아서 길을 열어줄 겁니다.,https://twitter.com/two_wool/status/1252258966660214785,1,6
2020-04-20,15:30:24,agit00,"- ""자신을 유권자라고 밝힌 A씨는 20일 한 인터넷 카페에 자신과 어 의원이 주고받은 문자메시지 내용을 공개했다"" - ""개자식이네. 유권자가 유권자 다워야지"" (2020.04.20 더불어민주당 어기구) (연합뉴스) https://n.news.naver.com/article/001/0011560769",https://twitter.com/agit00/status/1252258322310238208,1,1
2020-04-20,15:18:44,agit00,"당선 이틀만에…민주당 초선 ""바쁘니 짧게 하자"" - ""이거 다 읽어봤자 머리에 들어오지도 않아요. 다 아이큐 3자리 이상이니까 집에 가서 보면 되고, 광주형일자리만 간결하게 합시다"" (더불어민주당 광주 동남을 이병훈) (2020.04.17 뉴스1) https://n.news.naver.com/article/421/0004594533",https://twitter.com/agit00/status/1252255384129007616,0,0
2020-04-20,15:18:01,lsm3143,더불어 민주당은 개자식 어기구에 이어 허욱 쓰레기가 기어나와 국민을 피곤하게 만드냐?,https://twitter.com/lsm3143/status/1252255207687405569,0,0
2020-04-20,15:12:11,hyoker3690,"방통위 상임위원(차관급) 허 욱을 추천한 것이 더불어민주당이라 하는데 대체 그 당 누가 그를 추천했을까. 그 놈 하나로 인하여 티비좃선과 애널에이가 3,4년 재허가를 받았다고 하는데 이런 놈을 그냥 놔둬야 할까, 추천한 놈까지 아작내야 한다. 또한 21대 국회의 최대 목표는 언론개혁 성공이다.",https://twitter.com/hyoker3690/status/1252253736862281728,6,3
2020-04-20,15:11:57,agit00,"""X 자식이네"" 재선 성공 당진 어기구 의원 유권자에 욕설 논란 - ""정부 도와주라"" 요청에 ""당신이 대통령하라""며 설전 시작 - ""충남 당진에 출마해 재선에 성공한 더불어민주당 어기구(57)"" (연합뉴스) https://n.news.naver.com/article/001/0011560769",https://twitter.com/agit00/status/1252253679643574278,1,2
2020-04-20,15:11:43,jungfaker,#어기구 #더불어민주당 당선되자마자 바로일터지는거보솤ㅋㅋㅋㅋKT LTE 5G가 무릎꿇는소리 여기까지들리넼ㅋㅋㅋ유권자한테 개자식이라니 세상말세다말세 아근데 여러분! 니들이뽑은놈이니까 욕은하지맙시다ㅋㅋㅋ자업자득이죠뭐 무능한새끼들이뽑았는데 유능할리가 ,https://twitter.com/jungfaker/status/1252253619270742021,0,1
2020-04-20,15:08:33,muncan76,대한민국의 세금 종류가 국세 지방세 통틀어 세부 항목으로 서른종류 있는데 그 기틀을 만든게 더불어 민주당 김진표 의원님이십니다. 만일 상위 30%만 따로 세금을 걷을 수 있다면 김진표 의원님께서 언급을 했겠죠 ㅎㅎ,https://twitter.com/muncan76/status/1252252821556088836,19,11
2020-04-20,15:06:42,Gameisourlives,더불어민주당 블루 ,https://twitter.com/Gameisourlives/status/1252252359511556099,1,1
2020-04-20,15:02:30,zzirasida,더불어민주당+시민당 총 178석으로 변경.jpg - ,https://twitter.com/zzirasida/status/1252251298860277768,0,0
2020-04-20,15:01:49,lsm3143,큰정치로 보답하는게 유권자에게 개자식으로 보답하냐? 개자식 어기구 더불어민주당 국개의원,https://twitter.com/lsm3143/status/1252251129338978304,1,1
2020-04-20,14:42:43,bangyc,유럽적 시각으로 보면 더불어민주당은 온건보다는 우파보수라고 보는 것이 맞을 듯. 온건 보수가 한국에 오면 아마도 극좌파라고 할껄.,https://twitter.com/bangyc/status/1252246321953509376,0,0
2020-04-20,14:42:37,time_space_pric,대한민국의 정부는 재난지원금에 대해서 공정하고 투명성만 제고하고 행하라. 정치쟁이나 국민들이 재난지원금에 대해서 왈가불가하는 것은 당연하다.최소한 더불어민주당은 당원및의원의 뜻을 모아라..쥐새끼처럼 뒤에 모사꾼이 되지않기를. 정부는 냉정하고 단호하게 행하라.,https://twitter.com/time_space_pric/status/1252246296942874624,0,0
2020-04-20,14:40:50,worryingTwo,"경기 안성에 첫 여성시장…더불어민주당 김보라 후보 당선 https://www.hankookilbo.com/News/Npath/202004161122057670?did=TW - 총선에 가려졌지만 이것도 존나 대단함 경기도 안성시는 민주당 험지였는데, 지난 지선 바람을 타고 얻은 민주당 안성시장이 직 상실했는데 여기에 ""여성 시장""이 재보궐로 당선됨",https://twitter.com/worryingTwo/status/1252245846764077057,4,0
2020-04-20,14:38:30,Moon_government,2020 총선과 함께 열렸던 보궐 선거에서 안성 첫 여성 시장으로 당선된 더불어민주당 '김보라' 시장님 https://www.google.com/amp/m.hankookilbo.com/News/ReadAMP/202004161122057670%3fdid=GS,https://twitter.com/Moon_government/status/1252245263046938626,55,27
2020-04-20,14:35:10,ibchwm,우리나라 정당들 중에는 더불어 민주당이 그나마 보수당이라 부를 수 있겠지요 우파 보수 또는 온건 보수,https://twitter.com/ibchwm/status/1252244421296316427,0,0
2020-04-20,14:30:58,red63438460,관심 진짜 없는 것 같아요. 당명도 헛갈리고... 자꾸 민주통합당 더불어민주당 이라 하고요... ㅋㅋㅋ,https://twitter.com/red63438460/status/1252243364134584321,0,1
2020-04-20,14:28:56,yeokbo,드디어 진보는 다수파가 되었나 2020년 총선이 더불어민주당의 압승으로 끝났다. 이제 보수 시대가 끝나고 ‘진보 다수파 시대’가 열린 걸까. &lt;시사IN&gt;은 몇 회에 걸쳐 이번 총선이 던지는 질문에 답을 찾아볼 예정이다. #시사인 #천관율 기자 #415총선,https://twitter.com/yeokbo/status/1252242853943627778,4,6
2020-04-20,14:25:39,leemoon1212,너님 당은 어디세요?? 더불어민주당이 아닌것은 확실한거같고 야당 어디세요? 혹 가로세로거피당?,https://twitter.com/leemoon1212/status/1252242026659078145,1,2
2020-04-20,14:16:39,MacSSbtmoFRLaXP,더불어민주당홧팅!!!,https://twitter.com/MacSSbtmoFRLaXP/status/1252239764058591238,1,12
2020-04-20,14:10:21,BathildisK,[화제의 당선인] 안산단원을 김남국 더불어민주당 당선인 ,https://twitter.com/BathildisK/status/1252238174987751425,0,0
2020-04-20,13:56:18,dalieyin,"근데, 겁쟁이 더불어 민주당의원들이 동참할까요??? 어쨌든, 응원합니다...내일 죽을지라도, 검찰과 언론과의 싸움을 정면으로 해야합니다. 경제는 경제대로......, 복지는 복지대로, 언론 개혁및 검찰개혁은 바로 최강욱, 황희석, 김의겸, 김용민, 김남국....함께 정면에 서서 꼭 싸워서 이기세요 ",https://twitter.com/dalieyin/status/1252234642700132357,0,1
2020-04-20,13:51:55,begoniatree,선생님 사기치지 마세요 더불어 시민당은 더불어 민주당 아닙니다 그리고 김홍걸씨는 더불어 민주당의 공천 심사 통과 할 수 있었을까요 ? ㅋㅋㅋ부동산도 적지 않고 뇌물 전과까지 있는데요오오 ~~~,https://twitter.com/begoniatree/status/1252233539443019776,56,43
2020-04-20,13:51:06,someday0912,"""열린민주당""도 ""더불어민주당""이 아니고, ""더불어시민당""도 ""더불어민주당""이 아니죠. 그쵸? 어떻게 아들이 아버지이름을 매번 욕보이는지..아버님께서 세계적으로 존경받았던 것중에 하나인""포용""이란 덕목이 1도 없네요. ",https://twitter.com/someday0912/status/1252233334282805249,2,5
2020-04-20,13:45:00,begoniatree,더불어 시민당과 더불어 민주당은 엄연히 다른 정당인데?,https://twitter.com/begoniatree/status/1252231797863116806,2,2
2020-04-20,13:44:39,bysoq,더불어민주당악재 21대국회의원선거 대승리 충청남도 당진시 어기구의원 막말논란 초선에서 재선당선자 참시간이 얼마나지났는지 이해찬대표 이낙연당선자말한이후 더불어민주당 사실확인되면 출당제명 먼저 사과부터해야한다 자기스스로 탈당,https://twitter.com/bysoq/status/1252231708423815169,0,0
2020-04-20,13:43:06,whois_08__hkkim,"당선 엿새만에..어기구 의원, 유권자에 ""X자식"" 욕설 의혹 | 다음뉴스 https://news.v.daum.net/v/20200420181016989 이런 개자식을 더불어 민주당이라는 이유만으로 찍었다는게 더 속상한일... 어기구 이 개자식은 3선은 없겠다...",https://twitter.com/whois_08__hkkim/status/1252231317271351300,0,0
2020-04-20,13:36:46,xzceUA9AUDN7F69,시민당과 열린당이 합당하여 열린민주당으로 교섭단체 만들면됨. 그리고 더불어민주당 의원들만 20명 탈당해서 또다른 교섭단체 만들고 해서 21대 국회에는 교섭단체가 5개 되면 여당측 3개 야당측 2개 단체로 꿀릴것없이 개혁추진하면됨. 2년후 대선.지선있는데.. 이번에 확실히 알쥐^^*,https://twitter.com/xzceUA9AUDN7F69/status/1252229723964338176,0,0
2020-04-20,13:36:15,godosniper6,"4.15부정조작선거 ,사전선거 끝까지 추적합니다! https://youtu.be/I139eG8uWHI @YouTube 님이 공유 #민생당 #더불어민주당 #미래통합당 #정의당 #열린민주당 #더불어시민당 #리얼미터 #갤럽 #알앤써치 #민주당",https://twitter.com/godosniper6/status/1252229596155527168,0,0
2020-04-20,13:31:35,thisfre,"문재인 대통령과 더불어민주당은 함께 가는데, 극문들은 “오직 문프”만 외치기 때문에 당연히 “문재인 대통령과 더불어민주당” 비난하고 욕하는 세력에 포함됨",https://twitter.com/thisfre/status/1252228421955944454,0,0
2020-04-20,13:30:10,grandjamesLee,"[ #Tistory ]새술은 새부대에 담아야, 더불어 민주당의 개혁 박차 가해야! ",https://twitter.com/grandjamesLee/status/1252228063812714498,0,0
2020-04-20,13:29:54,thisfre,"1) 다음 정치카페들 다 탈퇴 2) 밴드 모임 다 탈퇴후 앱 삭제 3) 문재인, 민주당, 시민당, 열린당 함께 가는 당 포지티브 하기 그러면 누가 문 대통령과 더불어민주당을 비난하고 욕하는 지 보일 것, “손가혁 극문(문파 문꿀 오소리 뉴비씨 등등) 반문(수꼴) 미통당 정의당 녹색당 노동당 민중당”",https://twitter.com/thisfre/status/1252227998788403204,0,0
2020-04-20,13:13:34,BlackHO72878422,"당선된 더불어민주당 의원들 조심하셔야 할듯한데요. 느낌이 매우 안 좋군요. 반대쪽에서 도발을 유도하고 SNS를 통해 망신을 주려는 듯 한데. 보수언론이 퍼 나르고. . . 작업팀들이 있나? 당선 엿새만에..어기구 의원, 유권자에 ""X자식"" 욕설 의혹 | 다음뉴스 https://news.v.daum.net/v/20200420181016989",https://twitter.com/BlackHO72878422/status/1252223887795863554,3,4
2020-04-20,13:13:00,KuaYorkDang,'열린민주당 정조준' 김홍걸 ＂당 만든 것 자체가 해당 행위···文대통령에 부담만＂ (출처 : 서울경제 | 네이버 뉴스) http://naver.me/58hRQKJa 저기 김홍걸씨. 김홍걸씨도 더불어시민당 소속이지 더불어민주당 당선자 아니잖아요? ㅎ,https://twitter.com/KuaYorkDang/status/1252223742408704000,0,0
2020-04-20,13:00:18,Politersocihum,"""개자식이네"" ""유권자가 유권자 다워야지"" 에고 이놈아 개자식이라서 미안하다 유권자 다움이 뭐냐? 더불어민주당 어기구 의원이 유권자에 대놓고 욕지잘입니다 ",https://twitter.com/Politersocihum/status/1252220549725433857,13,4
2020-04-20,13:00:00,hanitweet,더불어민주당이 4·15 총선 공약으로 내걸었던 코로나 긴급재난지원금의 전국민 확대 지급안을 두고 정부와 여당이 ‘공개적’으로 엇박자를 내고 있다 ,https://twitter.com/hanitweet/status/1252220472047140864,1,1
2020-04-20,12:57:49,nrq1DnyPJ6USRhW,"문재인과 더불어민주당 정부에서 기회는 ""평등""할 것입니다. 과정은 ""공정""할 것입니다. 결과는 ""정의""로울 것입니다.",https://twitter.com/nrq1DnyPJ6USRhW/status/1252219924698722305,1,2
2020-04-20,12:52:53,miyoko_kim,남양주시장처럼 하자! 70프로에게 빨리 먼저 지급하자 만에하나 나중에 100프로로 최종 결정된다고 하더라도 70프로 대상자들에게는 달라지는 것은 없다 속도가 중요하다고 떠드는 더불어민주당아 이것도 안하면 너희들 속셈이 다른데 있다고 생각할수밖에 없다,https://twitter.com/miyoko_kim/status/1252218682723282950,0,0
2020-04-20,12:48:25,z0rnbbqiszombba,맨 마지막 소속 더불어민주당 뭐임 씨발 ㅋㅋㅋㅋㅋㅋㅋㅋㅋㅋㅋㅋㅋ,https://twitter.com/z0rnbbqiszombba/status/1252217558712766486,0,0
2020-04-20,12:46:26,woong2302,"더불어 민주당 의원 당선되자 유권자에게 쌍 소리 까지 “당신이 대통령 해라”, “X자식”…민주당 어기구 의원, 유권자에 욕설 논란 (출처 : 국민일보 | 네이버 뉴스) http://naver.me/GYpleVH8",https://twitter.com/woong2302/status/1252217059292745733,4,6
2020-04-20,12:40:59,T9WSMUzzLEhnlwE,#이낙연_이런자가_더불어민주당_다음대선주자라고 ???? 가습기살균제#학살진행_사건에_철저히_아가리닫은 #이낙연인데 ? 단물만빠는 역겨운자,https://twitter.com/T9WSMUzzLEhnlwE/status/1252215685033259010,0,0
2020-04-20,12:39:35,T9WSMUzzLEhnlwE,#이낙연_이런자가_더불어민주당_다음대선주자라고 ???? 가습기살균제#학살진행사전에_철저히_아가리닫은 #이낙연인데 #단물빠는역겨운자들,https://twitter.com/T9WSMUzzLEhnlwE/status/1252215335970717696,0,0
2020-04-20,12:38:34,T9WSMUzzLEhnlwE,#이낙연_이런자가_더불어민주당_다음대선주자라고 ???? 가습기살균제#학살진행사전에_철저히_아가리닫은 #이낙연인데 #국무총리실_자체를_믿지마십시오_국민여러분,https://twitter.com/T9WSMUzzLEhnlwE/status/1252215078859890689,0,0
2020-04-20,12:37:33,T9WSMUzzLEhnlwE,#이낙연_이런자가_더불어민주당_다음대선주자라고 ???? 가습기살균제#학살진행사전에_철저히_아가리닫은 #이낙연인데,https://twitter.com/T9WSMUzzLEhnlwE/status/1252214824970252290,0,0
2020-04-20,12:34:03,jusinSPIRIT,"더불어 민주당과 더불어 시민당 합당하겠다고 말한건 섣부른 판단아닐까 싶다. 공수처 관련해서 3당이 중요하다고 그러더니, 왜구 2개당이 2,3당 해버리면, 공수처 제대로 돌아갈수는 있을까 싶다. 어렵게 모은 의석수.. 적극 활용 했으면 좋겠다.",https://twitter.com/jusinSPIRIT/status/1252213940672593920,0,0
2020-04-20,12:34:00,leegs2706,'열린민주당 정조준' 김홍걸 ＂당 만든 것 자체가 해당 행위···文대통령에 부담만＂ (출처 : 서울경제 | 네이버 뉴스) http://naver.me/58hRQKJa 도대체 김홍걸 당선자는 왜자꾸 쓸데없는 소리를 하고 있나요? 열린민주당 지지자들도 전부 더불어민주당 당원이고 문정부 성공을 바라는 지지자들 입니다,https://twitter.com/leegs2706/status/1252213929482174464,0,1
2020-04-20,12:33:36,kss57381,저는 더불어민주당과 열린민주당에 투표했습니다 셋이 하나가 될때까지 서로 헐뜯지 않았으면 좋겠습니다,https://twitter.com/kss57381/status/1252213829636812800,0,2
2020-04-20,12:27:01,wiseman3201,"선거할 때만 하늘 같은 국민, 그 이후 4년간은 개의 자식들!!! “ X 자식이네＂ 재선 성공 더불어 민주당 당진 어기구 의원 유권자에 욕설 논란 (출처 : 연합뉴스 | 네이버 뉴스) http://naver.me/x8GKYUkZ",https://twitter.com/wiseman3201/status/1252212172584677377,0,0
2020-04-20,12:25:39,skyfeel6666,더불어민주당외 정당출현은 무조건분열로 봐야되지않을가요? 비례정당문제로따지면 서로머리아픕니다 누가먼저시작했냐? 누가먼저등록했냐? ᆢ 여하튼그렇습니다 더애기하면다투게되니 이만끝ᆢ 존밤되세요,https://twitter.com/skyfeel6666/status/1252211828697952257,0,1
2020-04-20,12:24:35,lovepea90517583,보수가 몰락하다니요 더불어 민주당 보수 세력 잘 나가고 있는데 왠 몰락? 몰락하고 있는 것은 사이비 보수 수꼴 세력입니다 가짜 보수 입니다. 즉 [통합당 김세연 “보수 몰락 안 끝났다···386에서 ‘...] ,https://twitter.com/lovepea90517583/status/1252211557863317504,0,0
2020-04-20,12:22:06,miyoko_kim,더불어민주당 니들 까불지마라 우리의 선택은 문프이고 너희가 얻은 승리는 우리가 문프를 지키기 위해 차악을 선택한 결과일 뿐이라는 것을 잊지 말아라,https://twitter.com/miyoko_kim/status/1252210933616631809,0,0
2020-04-20,12:17:19,harymao,벌써부터 유권자에 욕설문자 날리는놈. 갑질하는 비서.애비덕에 의원달고 당대표 행세하는놈.... 열린민주당이 이번엔 시간이 짧았지만 거대한 가능성은 보여줬습니다. 차기 총선에서 꼭 지역구까지 씹어먹고 더불어 민주당을 대체할 수 있기를...,https://twitter.com/harymao/status/1252209729775915008,0,1
2020-04-20,12:12:11,ACharbonnee,저 프로그램의 요점은 한국 여당 압승은 정부가 코로나 대책을 jonna 잘해서라는 것임. @TheMinjoo_Kr 더불어 민주당 이 쓸모없는 끼들아. ㅎㅎㅎ,https://twitter.com/ACharbonnee/status/1252208439553478656,2,2
2020-04-20,12:03:46,Coffeedaoh,"더불어민주당이 비례정당으로 교섭단체를 안 만들면 공수처 7월에 시작한다 하더라도 공수처장만 뽑는데 1년..아니 뽑을수가 없지! 7명중 6명이 찬성해야 하는데, 미래통합당쪽 인사가 2명이야 ㅋ 공수처 만들기 전부터 싸우고, 힘들게 만들어도 처장 뽑을려고 싸우다보면 이정부 임기가 끝나지",https://twitter.com/Coffeedaoh/status/1252206321819987968,0,0
2020-04-20,12:00:37,skollbuddy51,"한미동맹 상징처럼 보이는 글로벌 호크 도입에 9월부터 작전수행인데,정경두 국방백서가 북한은 적이 아니다 한.러동해에서 연합훈련했고 한중 국방장관 핫라인설치 박재민이 중국 방문했었으며,더불어민주당도 한러 핫라인 설치,글로벌호크 도입이 한반도 외 독도 도발 일본 해상정찰 필요한가?",https://twitter.com/skollbuddy51/status/1252205530187096064,0,0
2020-04-20,12:00:19,skollbuddy51,"한미동맹 상징처럼 보이는 글로벌 호크 도입에 9월부터 작전수행인데,정경두 국방백서가 북한은 적이 아니다 한.러동해에서 연합훈련했고 한중 국방장관 핫라인설치 박재민이 중국 방문했었으며,더불어민주당도 한러 핫라인 설치,글로벌호크 도입이 한반도 외 독도 도발 일본 해상정찰 필요한가?",https://twitter.com/skollbuddy51/status/1252205452596674560,0,0
2020-04-20,12:00:02,skollbuddy51,"한미동맹 상징처럼 보이는 글로벌 호크 도입에 9월부터 작전수행인데,정경두 국방백서가 북한은 적이 아니다 한.러동해에서 연합훈련했고 한중 국방장관 핫라인설치 박재민이 중국 방문했었으며,더불어민주당도 한러 핫라인 설치,글로벌호크 도입이 한반도 외 독도 도발 일본 해상정찰 필요한가?",https://twitter.com/skollbuddy51/status/1252205379682881538,0,0
2020-04-20,11:59:39,skollbuddy51,"한미동맹 상징처럼 보이는 글로벌 호크 도입에 9월부터 작전수행인데,정경두 국방백서가 북한은 적이 아니다 한.러동해에서 연합훈련했고 한중 국방장관 핫라인설치 박재민이 중국 방문했었으며,더불어민주당도 한러 핫라인 설치,글로벌호크 도입이 한반도 외 독도 도발 일본 해상정찰 필요한가?",https://twitter.com/skollbuddy51/status/1252205286728691715,0,0
2020-04-20,11:59:16,skollbuddy51,"한미동맹 상징처럼 보이는 글로벌 호크 도입에 9월부터 작전수행인데,정경두 국방백서가 북한은 적이 아니다 한.러동해에서 연합훈련했고 한중 국방장관 핫라인설치 박재민이 중국 방문했었으며,더불어민주당도 한러 핫라인 설치,글로벌호크 도입이 한반도 외 독도 도발 일본 해상정찰 필요한가?",https://twitter.com/skollbuddy51/status/1252205188774912000,0,0
2020-04-20,11:56:07,orientlotusmoon,더불어민주당과 더불어 민주시민이 함께하는 더불어시민당 입니다. 우리도 할 말은 해야죠! ,https://twitter.com/orientlotusmoon/status/1252204394545741826,1,3
2020-04-20,11:51:08,bysoq,＂X 자식이네＂ 재선 성공 당진 어기구 의원 유권자에 욕설 논란 (출처 : 연합뉴스 | 네이버 뉴스) http://naver.me/xfhnHHbF더불어민주당 21대국회가기전에악재 그렇게나 징계아니면자진무소속탈당해야 그리고재선의원,https://twitter.com/bysoq/status/1252203143149977600,0,0
2020-04-20,11:47:46,renverser_,"저도 서명안합니다. 더불어 민주당의 각종 온라인 투표 절대 안합니다. 전당대회 투표, 대선후보 선출 투표만 합니다.",https://twitter.com/renverser_/status/1252202293262299137,1,1
2020-04-20,11:42:35,seongseong75,"더불어민주당, 정의당 당 컬러 란 건 내 착각인가? 같이 손잡자는 거 같은데? ",https://twitter.com/seongseong75/status/1252200991740461056,0,1
2020-04-20,11:41:34,yonhaptweet,"""X 자식이네"" 재선 성공 당진 어기구 의원 유권자에 욕설 논란 https://www.yna.co.kr/view/AKR20200420163100063?input=tw 지난 4·15 총선에서 충남 당진에 출마해 재선에 성공한 더불어민주당 어기구(57) 의원이 휴대전화 문자메시지로 유권자에게 욕을 했다는 주장이 제기돼 논란을 빚고 있습니다 ",https://twitter.com/yonhaptweet/status/1252200733702623232,44,6
2020-04-20,11:39:15,2gEvhmB57ac7DmR,"더불어민주당 당선자 중 국회에 처음 입성하는 분들은 국회의원실 식구들 뽑을때 분명히 하셔야 할게 미통당 의원실 근무 경력이 있는지 반드시 확인하시길,,, 국회 경력 있다고 덜컹 뽑았다가 의원실,당 정보 다 빠져나갈 것 과거에도 유사한 일들 많았음 명심하시길~",https://twitter.com/2gEvhmB57ac7DmR/status/1252200152812498944,17,8
2020-04-20,11:38:05,fool090523,더불어민주당 꼬락서니 잘돌아간다. 대통령님덕에 총선승리해놓고 여당이란것들이 대통령님정책에 어깃장놓고 어떤국개넘은 국민한테 욕하고. 화무십일홍 권불십년이라고했거늘 한방에 훅간다.,https://twitter.com/fool090523/status/1252199859039244288,0,0
2020-04-20,11:38:01,florist7110,더불어민주당에는 더불어시민당이라는 짝이있고 국민의 더 많은 지지를 받았습니다 앞으로 어떻게 이일이 잔개될지 모르지만 김홍걸의원님의 쎈 발언도 불편하고 김진애 의원님의 이런 발언도 불편한데... 이렇게 살짝 시민당을 배제하는 발언은 좀 그렇습니다,https://twitter.com/florist7110/status/1252199840911519744,1,5
2020-04-20,11:37:03,orientlotusmoon,"...진짜 마지막이다. 의식해주실 것은, 한가지. 열린민주당은 더불어민주당의 비례정당이 아닙니다. 둘. 문재인대통령님께서 대표시절 확립하신 시스템공천의 의미를 들여다 봐주시기 바랍니다. (문재인의 시스템을 거부하면서 문재인지킨다 마시길!) 선거 끝났는데 말을 아끼셨으면! @jk_space",https://twitter.com/orientlotusmoon/status/1252199598732439552,13,14
2020-04-20,11:33:29,gurumann3,"더불어민주당+시민당, 180석 아닌 178석 된다 http://monthly.chosun.com/client/mdaily/daily_view.asp?Idx=9330&amp;Newsnumb=2020049330",https://twitter.com/gurumann3/status/1252198699729477632,0,0
2020-04-20,11:30:02,godosniper6,더불어민주당의 대깨문경상도노빠문빠들은 이번총선관해서 부정선거반박하는데 왜정확한댓구는 못되고있냐 ?미통당타령이나 해대고,https://twitter.com/godosniper6/status/1252197832586432512,0,0
2020-04-20,11:25:52,2gEvhmB57ac7DmR,더불어민주당 권리당원 입니다. 에라이~ 씨발 개새끼야!!! 어디서 씨발 새끼가 벌써 부터 금뺏지 달았다고 꼴갑을 떨고 개 지랄이야 씨발놈이!!! 너만 욕할 줄 아냐 개새끼야!!,https://twitter.com/2gEvhmB57ac7DmR/status/1252196782974529543,0,5
2020-04-20,11:23:38,minwoon,"더불어민주당 역시 실망시키지 않아 어젠, 415에서 재선된 국회기생수의 보좌관이 변태성행위요구와 가정폭력 애호가란 미담이 소개되더니 https://www.insight.co.kr/news/279965 오늘은, 충남 당진에서 재선된 어기구란 物이 유권자를 향해 새끼라는 멘트를 작렬 ",https://twitter.com/minwoon/status/1252196221025832960,13,12
2020-04-20,11:19:55,IndependentDem7,"더불어민주당이 더불어시민당과 합당 하는 것이 당연한 것. 하지만, 미래한국당이 독자 교섭단체로 천만프로 갈 것이기에 더불어시민당도 독자 교섭단체 구성으로 가야한다. 김홍걸이 주댕이 닥치게 만들고, 그래도 말 안들으면, 탈당해라해라. 그 한마리 때문에 전체를 희생하는 일은 없도록해야한다.",https://twitter.com/IndependentDem7/status/1252195284173549569,2,0
2020-04-20,11:17:40,akinaFine,더불어민주당 구 자유한국당 구 통합진보당 쿨떡쇼를 들어보자 달러 SBS 러시아 NTV + 세고드냐 SKE48 NMB48 (왜인지 모르겠지만 48그룹 중에서 좋아합니다) SNH48 JKT48,https://twitter.com/akinaFine/status/1252194717682372609,0,1
2020-04-20,11:16:47,gurumann3,"© 뉴시스 = 더불어민주당 이낙연 코로나19국난극복위원장이 17일 서울 여의도 당사에서 열린 선거대책위원회 해단식에 참석하고 있다. 2020.04.17.kkssmm99@newsis.com이낙연 더불어민주당 상임공동선거대책위원장은 4·15 총선 압승 결과와 관련,",https://twitter.com/gurumann3/status/1252194495367528448,0,0
2020-04-20,11:12:37,hjb0221,더불어 민주당의 이해찬공로 수십억비리로 깜빵 갔다온 놈이 이해찬의 공천으로 금배지 얻어 차고 대한민국에서 후까시 주며 걸어다닌다 이해찬이 대단한 놈이다 국민은 속았다 특히 젊은 18세 유권자들이 왕창 속았다 바로 늙은 이해찬에게....... 어느 미친 국민이 저 자 에게 표를 던졌냐? ,https://twitter.com/hjb0221/status/1252193448632840192,0,3
2020-04-20,11:09:44,k115ThyZIwKBsAz,#이완용 보다 더 니쁜 기생충 국민이 4.15.총선에 180석을 더불어민주당에 몰아준 것은 윤석열을 탄핵소추하고 검찰개혁을 완수하라는 지상명령이다,https://twitter.com/k115ThyZIwKBsAz/status/1252192724024844288,0,0
2020-04-20,11:09:09,k115ThyZIwKBsAz,#이완용 보다 더 니쁜 기생충 국민이 4.15.총선에 180석을 더불어민주당에 몰아준 것은 윤석열을 탄핵소추하고 검찰개혁을 완수하라는 지상명령이다,https://twitter.com/k115ThyZIwKBsAz/status/1252192577140387840,0,0
2020-04-20,11:09:06,kjjeon203,느린것 같지만 정도를 가고있으니 항상 응원해야죠 더불어민주당 ,https://twitter.com/kjjeon203/status/1252192565081841670,1,3
2020-04-20,11:03:49,jk_space,"그러고보면 더불어민주당, 열린민주당 이름을 참 잘 지었어요. 더불어서 열면, 어떤 미래도 열 수 있겠지요? 국회의원 사전 준비도 만만찮아서 차근차근 챙깁니다만, 당선인 세 명으로 정당 꾸리는 일은 더 만만찮고요. 어서 잘 챙겨서 지지자들 뿌듯하게 해드려야죠. 건투!",https://twitter.com/jk_space/status/1252191234422042624,468,1185
2020-04-20,11:00:39,orientlotusmoon,"우리 다시 한 번 총선승리의 기쁨을 누립시다!!! 우린 이런 부끄러운 인간들의 후예를 그들의 방식이 아닌 우리의 방식, 즉 민주주의의 투표로 물리쳤습니다!!! #더불어민주당 #백년정당 #김대중_노무현_문재인_역사의_승리",https://twitter.com/orientlotusmoon/status/1252190436304678912,6,11
2020-04-20,10:59:31,letmegohome_plz,나 저거 3번째짤만보면 자꾸 더불어민주당 생각남,https://twitter.com/letmegohome_plz/status/1252190150450221058,0,0
2020-04-20,10:56:45,vunys2011,미래 통합당과 한국당이 패배를 한것은 오만 방자한 네놈들의 버릇장 머리를 용서 해 줄수가 없어 문재인과 더불어 민주당이 빨갱이 공산당 이라는것을 알면서도 빨갱이놈들에게 표를 준것이다 이명박 한나라당에 회원으로 가입을하여 당비를 내 주었더니 나를 구속시킨 천벌 이니라 @NIS_kr @spo_kr,https://twitter.com/vunys2011/status/1252189454506196992,0,0
2020-04-20,10:56:03,lkaa044,ㄱㅈㅅ 이게 더불어민주당 국회의원 맞나요! ,https://twitter.com/lkaa044/status/1252189280899719169,2,1
2020-04-20,10:53:52,DockSuRy0326,홍걸이는 일딴 더불어민주당 들어고 짖어 야당 나부랭이 새끼가 육갑은 아 만주당이 있어 지랄하냐? 그럼 만주당 들어오고 짖어,https://twitter.com/DockSuRy0326/status/1252188731366203392,3,2
2020-04-20,10:53:10,someday0912,문재인정부를 믿고 민주당에 180석 압승을 안겨준 국민들을 개돼지 취급하는 #더불어민주당_정신차려라,https://twitter.com/someday0912/status/1252188554899320832,0,1
2020-04-20,10:37:37,Fact7Fake,"39. 인천 남동구: 더불어민주당 맹성규 관내사전 득표수 (22,911) x 0.35175 = 8,059(실제 관외사전=8,059) 미래통합당 유정복 관내사전 득표수 (13,959) x 0.3557 = 4,966(실제 관외사전=4,966)",https://twitter.com/Fact7Fake/status/1252184641638764544,10,11
2020-04-20,10:37:08,Fact7Fake,"38. 송파 병 : 더불어민주당 남인순 관내사전 득표수(26,646) x 0.3144 = 8,377(실제 관외사전=8,377) 미래통합당 김근식 의 관내사전 득표수(15,684) x 0.3183= 4,992 (실제 관외사전=4,992)",https://twitter.com/Fact7Fake/status/1252184519966244866,10,10
2020-04-20,10:36:41,Fact7Fake,"37. 여긴 특이하게 민주당은 0.39비율로 통합당은 0.30비율로 적용했습니다. 추가적으로도 영등포 갑 : 더불어민주당 김영주 관내사전 득표수(24,832) x 0.3541 = 8,793(실제 관외사전=8,792) 미래통합당 문병호 관내사전 득표수(11,961) x 0.3424 = 4,095(실제 관외사전=4,096)",https://twitter.com/Fact7Fake/status/1252184406128648193,10,11
2020-04-20,10:36:27,thisfre,mbc기레기의 더불어민주당 강선우 당선인 갈라치기 작전 1) 제목 장난질 2) 조국 관련 유도 질문 3) 금태섭 관련 유도 질문 인터뷰 제대로 보지 않은 사람들 강선우 당선인 비난 ...... #조국 수호한다는 사람들이 겨우 #mbc #기레기 의 농단에 놀아나냐? 인터뷰 부터 잘 봐,https://twitter.com/thisfre/status/1252184346296897536,0,0
2020-04-20,10:33:36,EDMlove79101766,기사 읽어보니 열린민주당에서 합당의 뜻을 자꾸 비추는 문제때문에 그런가보네여 열린민주당 정봉주최고위는 사퇴했지만 선거기간에 당대당합당을 계석 강조했구요 손혜원의원도 합당후에 국가보조금 n분의1 3명분 요구기사도 나오곤 했는데 더불어민주당과 시민당 입장에서는 피곤할듯하네요,https://twitter.com/EDMlove79101766/status/1252183631952408576,1,6
2020-04-20,10:31:12,hotelelc12,총선전에 황교안 미래통합당대표가 전국민 1인당 50만원 지급 하자고 하더니 총선후엔 미래통합당이 반대하고 발목잡고 있다. 이런 먹튀와 무책임이 있을까 하루가 급한 사람 생명이기에 긴급재난지급금인데 이러니 참패할수 밖에... 정부와 더불어민주당 여당은 시간싸움이니 속히 지급해야한다,https://twitter.com/hotelelc12/status/1252183024713650176,0,0
2020-04-20,10:31:11,OHADAM7,@TheMinjoo_Kr @Lee_InYoung 앞으로는 더불어민주당 대안정당만 찾을 거다. 한테는 절대 표 안 준다.,https://twitter.com/OHADAM7/status/1252183021484077057,0,0
2020-04-20,10:28:40,choonlyone1,"1.더불어민주당도 이미 비례의원을 발표했는데 굳이 분당해서 만든거라 순서는 무의미 2.끼리끼리 심사해서 인물들 올려놓고 정봉주. 손혜원 유튭 애독자들 모아 당원이랍시고 인기투표가 열린공천? 3.형제니,효자니 질척거리더니 합당 안하다는데 왜 화냄? 갈길 가세요! ",https://twitter.com/choonlyone1/status/1252182390434234370,5,2
2020-04-20,10:22:01,sungsik68,@TheMinjoo_Kr 더불어 민주당 이놈들 열린우리당 시즌2 시작했군! 망할놈들!,https://twitter.com/sungsik68/status/1252180716529451009,0,0
2020-04-20,10:18:00,gaehunyeondae,"지난 2018년 문재인 대통령이 발의한 헌법개정(개헌)안은 의원정족수 미달로 '투표 불성립'됐다. 당시 여당인 더불어민주당을 제외한 모든 야당이 본회의에 불참, 재적의원(288명)의 3분의 2인 192명의 의결정족수를 채우지 못했기 때문이다. 20대 국회가 이대로 종료하면 대통령 개헌안은 폐기된다.",https://twitter.com/gaehunyeondae/status/1252179704422871041,6,2
2020-04-20,10:10:42,kimjuick0,굿 뉴스 좋은 결정이라고 생각합니다. 미래통합당 눈치보지 말고 빨리 통합하시고 일하는 국회를 만들어 주셨으면 감사하겠습니다. #더불어민주당_통합,https://twitter.com/kimjuick0/status/1252177865501601792,0,0
2020-04-20,10:07:45,kmr2124,당연한 결과 아닌가. 절대로 정치인이 되서는 안될 개쓰레길 공천해 출마시켰으니~ 더불어민주당 새끼들도 미친 새끼들이지~ 이강래 같은 씹새낄 출마시켰으니~ 국민의당 출신이라고? 쩝~ ,https://twitter.com/kmr2124/status/1252177124238057475,1,0
2020-04-20,10:04:47,rmfarm99,"요 정도는 알고 가시죠. 이해찬도 초기에 GT계열. 단수공천이 좀 됩니다. 20대 국회에선 설훈(4선), 이인영·우원식·유승희(3선), 유은혜·박완주·홍의락(재선), 권미혁·기동민·김한정·김현권·소병훈·신동근·오영훈·위성곤(초선) 더불어민주당 의원 등이 민평련계로 꼽힌다.",https://twitter.com/rmfarm99/status/1252176377454837762,9,6
2020-04-20,10:04:03,Fact7Fake,6. 1) 지역구에서는 여당인 더불어 민주당이 압승하였지만 비례대표는 미래한국당이 더 많이 차지 하였습니다.(여당을 진보연합으로 26으로 본다고 하더라도 비례에서 보수가 차지하는 비율은 73%이지만 지역선거에서는 52%로 큰 차이가 있습니다.,https://twitter.com/Fact7Fake/status/1252176193228468230,9,10
2020-04-20,10:02:19,OHADAM7,"#홍남기부총리를_응원합니다 #더불어민주당_OUT @TheMinjoo_Kr 홍남기 ""'재난지원금 70%' 기준 유지, 국회 최대한 설득"" | 다음뉴스",https://twitter.com/OHADAM7/status/1252175758488858624,0,0
2020-04-20,10:01:49,gaudyman1,21대 국회 맨 먼저 할 일은... https://news.v.daum.net/v/20200419210507448 더불어민주당이 ‘일하는 국회’를 만들기 위한 국회법 개정을 21대 국회에서 처리할 법안 1호로 정했다. 제 할 일 못하는 국회에 대한 시민들의 불만이 한계점에 이른 상황에 민주당이 새 국회의 첫 과제로 국회개혁을 택한 것은 환영할 일이다.,https://twitter.com/gaudyman1/status/1252175631007154176,6,4
2020-04-20,10:00:20,Fact7Fake,"4. 21대 총선 부정선거 의혹에 대해서 정리(업데이트) - 4월 17, 2020 2020년 4월 15일 21대 국회의원 총선결과 여당인 더불어민주당(더불어시민당)이 180석을 차지하면서 역대 최대의 거대 1당이 탄생하였습니다. ",https://twitter.com/Fact7Fake/status/1252175258343227392,9,11
2020-04-20,09:58:56,OHADAM7,@TheMinjoo_Kr 더불어민주당 공부 좀 하자. ,https://twitter.com/OHADAM7/status/1252174904016814081,0,0
2020-04-20,09:56:26,byoungchul68,저양반 뭐때문에 저러는지 잘 이해가 안됩니다. 저러다 힘빠지겠지요. 더불어 민주당을 지지한 대부분의 유권자 국민과 너무도 다른 정서를 드러내는데. 좀 당혹스럽네. 도대체 왜???!,https://twitter.com/byoungchul68/status/1252174278096588800,1,2
2020-04-20,09:56:06,dvslive,@akinafine 부연설명 : 더불어민주당 에케비지부 오사카선거구 이타노 토모미,https://twitter.com/dvslive/status/1252174192021090304,0,2
2020-04-20,09:56:01,6882c93abe3b4a1,"""미래통합당 대전시당 총선 불복 움직임, 시민의 분노 두렵지 않나"" https://news.v.daum.net/v/20200420165401412 더불어민주당 대전시당, '총선 실태 조사단' 꾸린 통합당대전시당 강하게 비난",https://twitter.com/6882c93abe3b4a1/status/1252174172316332032,6,7
2020-04-20,09:54:21,airbus771,더불어 민주당도 사전투표 조작이라는 굴레를 벗어 버리고 싶으면 관외 관내 투표 수개표와 관내 관외 투표에 썼던 컴퓨터 포렌식 조사해서 짐을 벗 [이문열 “요즘 정치인 수준 보면…三國志 논할 형편도 못...] ,https://twitter.com/airbus771/status/1252173753926049792,0,0
2020-04-20,09:45:24,thisfre,#mbc가 정치와호장룡 이라면서 #더불어민주당 #강선우 당선인과 인터뷰 하면서 “논란의 강선우”라고 제목을 내놨다가 다시 “조국 전 장관 비판 수용”이라고 내놨다 인터뷰를 들어보면 전혀 아니다 강선우 당선자는 그런 의미로 발언한 것도 아니고 mbc 기자가 유도했다 이런게 조선일보식 제목달기,https://twitter.com/thisfre/status/1252171499760283649,0,0
2020-04-20,09:37:01,deep1117,검찰개혁과 함께 썪어 문드러진 개법부 싸그리 개혁 해야 한다.. 양승태와 버러지 판사들 뜨거운 맛을 보여 줘라! 쓰레기 판사 양승태와 국정농단 판사새키들 국회에서 탄핵 해야 한다! 더불어민주당 반드시 탄핵하라! ,https://twitter.com/deep1117/status/1252169389236875264,0,0
2020-04-20,09:34:42,bongpallii,"이 의원은 4.15 총선에서 당선돼 재선 성공 더불어민주당 현직 국회의원 비서관, 가정폭력과 부부강간 혐의로 입건 http://monthly.chosun.com/client/mdaily/daily_view.asp?Idx=9329&amp;Newsnumb=2020049329",https://twitter.com/bongpallii/status/1252168806077616134,1,1
2020-04-20,09:34:36,deep1117,더불어민주당 이 씨발시키 당장 모가지 안짜를거냐? 180석 의석 같고도 요리저리 눈치보냐? 한심한... ,https://twitter.com/deep1117/status/1252168781620600832,31,25
2020-04-20,09:29:55,illchou,더불어민주당은 21대 국회에서 '국회운영위원회' '법사위원회' '기획재정위원회'를 우선적으로 가져오지 않으면 접시물에 코박고 자결해야 한다. 산송장 20대 국회의 재현을 반복하지 마라! 협치가 우선 순위도 화두도 아니다. 책임지는 '주도'가 관건이다.,https://twitter.com/illchou/status/1252167603180593152,8,8
2020-04-20,09:24:31,jangdol22,더불어민주당한테 미통당과 협치 연정 하라고 180석 만들어 준게 아닐텐데 ? 애매모호한 말로 또 본질이 흐려 질까 걱정이 되네요!!,https://twitter.com/jangdol22/status/1252166244863639552,0,1
2020-04-20,09:24:23,sykim0523,정말 욕나온다~ 허욱을 추천했던 개새끼가 더불어민주당이랍니다. ,https://twitter.com/sykim0523/status/1252166209300082688,0,1
2020-04-20,09:23:26,BlueMoo49737441,"여당 1호 법안, 상시국회 추진..야당 '국회 보이콧' 차단 더불어민주당이 21대 국회 1호 법안으로 국회 운영 상시화와 법제사법위원회 체계·자구 심사권 폐지를 담은 '일하는 국회법'을 추진하기로 가닥을 잡았다. ",https://twitter.com/BlueMoo49737441/status/1252165970799411200,3,4
2020-04-20,09:21:53,OHADAM7,"@TheMinjoo_Kr 더불어민주당을 폐기처분하고 싶다. 여, 재난지원금 '전국민 지급' 밀어붙이기..""3조원 국채 발행"" | 다음뉴스 ",https://twitter.com/OHADAM7/status/1252165582264209409,0,0
2020-04-20,09:20:51,meotul,더불어민주당의 고질병.이러다 지지자들의 역풍이 분다,https://twitter.com/meotul/status/1252165320468393990,0,1
2020-04-20,09:20:48,f69xU60ogdYbZ4p,더불어민주당 과 민주진영 국회의원 190석 확보! 에~라~~디여~~~~~~ ,https://twitter.com/f69xU60ogdYbZ4p/status/1252165310796296199,0,0
2020-04-20,09:17:06,text0_0,"홍남기 ""재난지원금 70% 기준 유지될 수 있도록 최대한 노력"" http://naver.me/IFwbUbOZ 더불어민주당이 소득 70% 하위 가구에 지급하겠다는 기준을 전(全) 국민 지급으로 변경하겠다고 목소리를 높이고 있지만, ‘70% 기준’을 유지하도록 노력하겠다는 방침을 강조한 것이다.",https://twitter.com/text0_0/status/1252164377114898432,2,1
2020-04-20,09:13:00,lovelyround99,그냥 암것도 하지마세요. 정부에서 최대 70프로 영역으로 준다잖아요. 더불어민주당이 좋아서 뽑은거 아니에요. 대통령님이 일 잘하니까 같이 으쌰으쌰하라고 뽑아준겁니다. 제발 국민들 말 좀 들어요,https://twitter.com/lovelyround99/status/1252163345815269376,0,0
2020-04-20,09:05:59,quotation2520,말은 이렇게 했지만 나도 염치 챙기는 척이라도 하는 민주당이 상식 이하 미통당보단 낫다고 생각하기 때문에.. 선거 때 '더불어'민주당 명찰 달고 군소 정당 열심히 팬 지지자들 때문에 예민해서 저 트윗 올린거임ㅋㅋ 이번에 칼 쥐어줘봤으니 망하는지 안 망하는지 보면 될듯. 잘해야 나도 체면 살고,https://twitter.com/quotation2520/status/1252161582051717120,0,1
2020-04-20,09:00:59,MinBon_YOU,열린민주당은 더불어민주당을 버려야... 이유는 열린공천,https://twitter.com/MinBon_YOU/status/1252160320736358400,0,0
2020-04-20,08:51:31,Moon_government," 남인순 의원(3선) 1988년부터 20년 넘게 여성운동권에서 활동하며 호주제 폐지를 이끄는데 노력했던 여성운동가, 국회의원이 된 후 여성관련법을 가장 많이 발의하셨습니다, 19, 20, 21대 국회의원 현재 더불어민주당 최고위원 지역구는 서울 송파구병 ",https://twitter.com/Moon_government/status/1252157939562893312,30,16
2020-04-20,08:45:26,W35TMYpfyM9MeE4,오프폰섹 신청은 라인으로 라인:minz22 #섹트 #일탈 #섹스 #오프 #만남 #변녀 #섹시 #고딩 #몸매 #미녀 #고3 #고딩 #노예녀 #변녀 #더불어민주당 #안철수 #롤 #페이커,https://twitter.com/W35TMYpfyM9MeE4/status/1252156410831355904,1,5
2020-04-20,08:44:48,4__erRor,"더불어민주당은 코로나19로 어려움을 겪고 있는 취약계층 돕기 위해 지난 3/25 의원들 자율적 참여 방법으로 세비 환원 결정.더불어민주당 소속 91명 참여, 2개월간의 세비(1인당 374만원)모아 6억 8천 2백33만9천 원 기부금 마련할 예정.코로나19 위기 대응필요한 곳에 쓰 https://theminjoo.kr/board/view/briefing/268755",https://twitter.com/4__erRor/status/1252156250541813761,3,0
2020-04-20,08:43:11,Lim_observer,"더불어 민주당에 해당행위인건 반박 못하겠고 고개는 굽히기 싫으니 훈제청어를 들고와서 흔들고 있는데, 그냥 따로 가면 되지 지금 더불어 민주당의 승리를 왜 나눠가지려 그러시나.",https://twitter.com/Lim_observer/status/1252155843811762176,0,0
2020-04-20,08:42:29,nisoon,"세계일보 취재팀이 남인순 더불어민주당 의원실과 함께 W2V 회원들의 사법처리 결과를 추적한 결과, 경찰에 검거돼 법원 선고까지 이어진 것은 운영자 손씨를 포함해 43명뿐인 것으로 파악됐다. ",https://twitter.com/nisoon/status/1252155666434682885,565,148
2020-04-20,08:41:37,nanjang710,미통당 X맨 같아보였는데요...ㅋ 더불어 민주당 과반 만들어주라고 떠들던 모습이..ㅋ,https://twitter.com/nanjang710/status/1252155446632132608,0,0
2020-04-20,08:41:35,priluvzya,햐.......... 북한이 더불어민주당하고 무슨 관계냐 ? 아니 문재인정권과 무슨관계나 ?,https://twitter.com/priluvzya/status/1252155440235831296,1,1
2020-04-20,08:39:01,Duckwhan,김홍걸이 더불어민주당 당대표라도 된 줄 아나보네ㅋㅋ,https://twitter.com/Duckwhan/status/1252154792807264257,0,0
2020-04-20,08:38:48,costadelsol124,"카페에서 책 읽는데 옆자리 아줌마가 ""더불어민주당이 많이 돼서 좋다, 이번에 30만원 나온단다. 선불카드로 2주 걸린단다"" 말하는데 긴급재난지원금 이야기 하는 듯. 너무 떠들어서 짜증나던 마음이 싹 누그러짐. 아줌마, 앞으로도 민주당 잘 부탁드립니다.",https://twitter.com/costadelsol124/status/1252154739371851776,8,0
2020-04-20,08:38:03,orangeyuki84,일하라고 뽑아줬더니 정부랑 기싸움하는거 질린다 진짜. 니들이 잘해서 뽑은게 아니라 대통령님 보좌하면서 일 열심히 하라고 뽑은건데 쓸데없이 뇌 굴리는거 여기까지 들리네 정부가 하라는대로 해라 더불어민주당아,https://twitter.com/orangeyuki84/status/1252154550015758338,0,0
2020-04-20,08:35:29,RenoPark,"‘해당’이라는 단어의 어감이 좋지 않습니다. 열린민주당이 정치적 선택의 궤를 문재인 정부와 더불어민주당과 많은 부분 공유한다고는 하지만, ‘해당’이라는 말로 갈라치듯 하는건, 정치가 전제하는 잘차적 합의와 조정과 다른 시대착오적 단어 같네요!",https://twitter.com/RenoPark/status/1252153904537587712,0,3
2020-04-20,08:35:04,pearl_ssc,열린민주당만 비례후보 당원 지지자들이 뽑은 거 아니에요. 정혐 팔이 왜곡질 그만하세요. 더불어민주당은 열린당보다 훨씬 더 엄격한 기준과 민주적인 절차를 통해 비례후보 선정했습니다. 더불어민주당 비례후보: 후보 검증 -&gt; 당원 지지자 1차 투표 -&gt; 중앙위원 2차 투표,https://twitter.com/pearl_ssc/status/1252153798828584960,9,3
2020-04-20,08:33:25,antiAhnCS,사퇴했음 좋겠네 더불어민주당 지도부. 재난지원기금 소동 책임 지고,https://twitter.com/antiAhnCS/status/1252153383571517445,218,142
2020-04-20,08:27:25,Lim_observer,"(본인이 생각하는) 민의를 끌고 오실게 아니라, 당내부의 절차와 의견취합을 무시하고 그것을 흔들어댄 시점에서 ""더불어민주당에 대한 해당행위""는 성립한다 봅니다만?",https://twitter.com/Lim_observer/status/1252151874226012161,0,0
2020-04-20,08:25:59,Lim_observer,"먼저 창당된게 무슨 상관이신지.... 애초에 더불어 민주당에서 당내 투표로 비례연합정당 참여가 결정된게 3월 13일이고 열린민주당은 2월 28일에 창당 선언하고 3월 8일에 창당했는데, 당 내부 의견 취합 전에 독립적으로 창당하고 더불어시민당과 선을 그엇으면 민주당원으로서는 해당행위인거죠. ",https://twitter.com/Lim_observer/status/1252151515856244736,0,1
2020-04-20,08:23:37,hoptongarden,봐라~이런분이 지도자고 정치인인거다! 표받을때만 국민 찾는 더불어민주당 국개의원 들은 쓰레긴거야! ,https://twitter.com/hoptongarden/status/1252150920089006080,11,11
2020-04-20,08:22:04,afgm502,"RT @ohmynews_korea ""대한민국과 충남의 새로운 100년을 준비할 것"" #더불어민주당 #충남도당 #당선인 방관식 기자",https://twitter.com/afgm502/status/1252150527137214464,0,0
2020-04-20,08:08:25,dreamx0329,예산이 모자란데 빚내서 100%를 왜 줘야하는거지? 어젠가 아랜가 뉴스보니 이른바 고소득층한테는 가계경제에 타격없다는데 더불어민주당 진짜 머하냐…;;; 뽑아두니 뻘짓하고 있어;;; 아니 여유있음 준다해도 거절하는게 맞는거지 민주당 머하냐? 늬들 돈 십시일반내서 빚메꿔ㅡㅡ,https://twitter.com/dreamx0329/status/1252147092081917952,0,0
2020-04-20,08:08:03,wikitree,더불어민주당이 전국민 재난지원금 지급의 시기까지 못 박고 나섰습니다 http://i.wik.im/articles/525148 #재난지원금 #어린이날 #코로나19,https://twitter.com/wikitree/status/1252147001220710402,2,1
2020-04-20,07:57:31,eechu,"리) 더불어민주당은 좀 배워라. 국가가 가장 두려워해야 하는 대상이 국민이듯, 당이 가장 두려워해야 하는 대상은 당원임을 슬슬 깨닫기 바란다.",https://twitter.com/eechu/status/1252144348323434496,33,24
2020-04-20,07:49:13,chang301411,더불어민주당 김병기 의원 비서관 .... ,https://twitter.com/chang301411/status/1252142262047264768,10,1
2020-04-20,07:48:30,dzjo36fLak6AeJg,[한성뉴스넷] [경기도의회]더불어민주당 4.19혁명 60주년을 맞아 ,https://twitter.com/dzjo36fLak6AeJg/status/1252142080920436736,0,0
2020-04-20,07:47:22,jinsungjoon,"[진성준캠프 해단식] 무엇보다 문재인 정부와 합심하여 코로나19와의 전쟁에 조기에 승리하고 정상화되면 문재인 대통령의 구상과 의지가 담긴 국정개혁 과제들, 빠른 속도로 추진하고자 합니다. 그것이 더불어민주당에게 압도적인 의석을 몰아주신 국민의 뜻일 것입니다. https://youtu.be/HltgLnZPtUw",https://twitter.com/jinsungjoon/status/1252141796261376000,116,148
2020-04-20,07:47:08,micolle7,더불어민주당은 뭐하는거야? 이런 인간을 공천하고! 이 인간 어떻게 처리하는지 두고 본다...,https://twitter.com/micolle7/status/1252141738501664771,1,0
2020-04-20,07:44:47,thisfre,"#이해찬 ""긴급재난지원금 복지 대책 아냐"" http://m.ifocus.kr/news/articleView.html?idxno=194837 #이해찬 “통합당 정쟁거리 삼으면 응분의 책임” (서울=포커스데일리) 최갑수 기자 = 더불어민주당 이해찬 대표는 ""긴급재난지원금은 재난 대책이지 복지 대책이 아니다""라고 못 박았다. ",https://twitter.com/thisfre/status/1252141144831492096,0,0
2020-04-20,07:38:04,Kim_Ishtar,"이데올로기에 개혁이 없는 건 더불어민주당 역시 마찬가지인 것 같은데, 독재정권은 전두환 박정희 쯤을 말씀하시는 건가요? 그리고 독재라 함은 다른 이념을 제시하고 지지하는 것을 막는 이런 사람들을 말하는 것 같은데요. ",https://twitter.com/Kim_Ishtar/status/1252139456447918080,0,1
2020-04-20,07:38:03,Okusawamisaki25,더불어민주당 당원이신 IT위원장님이 아까 정의당에 대한 불만감을 들먹이며 정의당 당선자에 대해 말해서요..(현재는 풀린),https://twitter.com/Okusawamisaki25/status/1252139450848604160,0,1
2020-04-20,07:37:00,uyCfSDKu1nb5jiK,응원합니다. 더불어민주당과 같이 가지만 혼자가 주십시요. 고독하다고 어깨를 빌리지 말고 어깨를 주며 가 주십시요.,https://twitter.com/uyCfSDKu1nb5jiK/status/1252139186385084417,0,0
2020-04-20,07:36:37,Moon_government," 21대 국회의원으로 당선된 더불어민주당 여성 국회의원 정리하는 타래 (저도 몇 분밖에 몰라서, 정리하는 타래이고, 천천히 채웁니다)",https://twitter.com/Moon_government/status/1252139091400876033,93,69
2020-04-20,07:31:25,thisfre,더불어민주당 더불어시민당 합동 국립현충원 참배(2020.04.17) https://www.youtube.com/watch?v=bjOitdJdJ7M,https://twitter.com/thisfre/status/1252137781310009346,0,0
2020-04-20,07:29:11,kmc89521,"차별의 해소는 이해와 존중에서 시작됩니다. 이해와 존중으로 편견의 벽을 허물고, 구분과 장벽 없이 함께 발맞춰 길을 걷고, 함께 소통하며 더불어 함께 사는 아름다운 사회가 되어야 합니다. #장애인의날 #조이 #평등 #이해 #존중 #존엄 #장애인복지 #권익 #김민철 #더불어민주당 #의정부시을 #당선",https://twitter.com/kmc89521/status/1252137219822743558,4,11
2020-04-20,07:28:50,qkdnlcjfja,"홍걸이 씨발라먹을놈에게 묻는다. 열린민주당 당선자중 더불어민주당 공천에서 탈락한자가 누구인가. 시민당당선자중 10명이 더불어민주당과 무슨 관계인가.. 김홍걸, 열린민주당에 ""공천 불복, 탈당이 팩트..거래 없다"" | 다음 뉴스 ",https://twitter.com/qkdnlcjfja/status/1252137131163541505,3,2
2020-04-20,07:19:02,SSUL11111,"전처럼 한글 난독증(아예, 처음부터, 대놓고 '정치적 올바름에 대해 다뤘으니 스킵하세요.'라고 말한 내가 모가 되니, 부계에다가 글 썼고,ㅎ)을 자랑하지 말고 아예 차단하고 지나가세요. 박옥선 더불어민주당 비례대표 밑 통신원 교육으로 양성된 조선족 26만명 댓글부대, ",https://twitter.com/SSUL11111/status/1252134665235779584,0,0
2020-04-20,07:15:51,9KFUvcerZH300TJ,"더불어민주당 김병기 의원: ""청평병원의 여자 간호장교 기숙사, 거기에서 한 2박3일만 계시라고 그래보세요, 그러면 아마 다시는 그런 얘기들이 안 나올건데. 스타벅스에서 커피 이런 얘기가 나오고 여혐문제가 나오겠습니까?"" (2017.10.31) ",https://twitter.com/9KFUvcerZH300TJ/status/1252133863247147008,12,0
2020-04-20,07:12:58,9KFUvcerZH300TJ,"더불어민주당 김병기 의원: ""스타벅스에서 군인들에게 커피를 공짜로 줬다가 성차별 논란이 있었어요. 그리고 명절을 앞두고 군인을 공짜로 태워 준 고속버스 기사가 여혐 비난 논란에 휩쓸린 것 아시지요? 숙소체험 같은 것, 군 BOQ는 어떤가 이런 체험 같은 것을 한번 해보라고 그러세요."" ",https://twitter.com/9KFUvcerZH300TJ/status/1252133138815279104,9,2
2020-04-20,06:56:25,Jangchunho,민주당 당선자들은 제발 오바하지 마세요. 앞으로 말할 기회도 많고 일할시간도 많습니다. #20대총선 #더불어민주당,https://twitter.com/Jangchunho/status/1252128973925969920,0,0
2020-04-20,06:50:28,seiji_takeshi,앞으로 더불어민주당 보면 일베충이라고 불러야겠다 ㅋㅋㅋ ,https://twitter.com/seiji_takeshi/status/1252127478350372865,0,0
2020-04-20,06:49:41,OhmyNews_Korea,"""대한민국과 충남의 새로운 100년을 준비할 것"" #더불어민주당 #당선인 #충남도당 http://omn.kr/1ndrb 방관식 기자",https://twitter.com/OhmyNews_Korea/status/1252127278412099586,0,1
2020-04-20,06:44:04,thojmam,어기구 충남도당위원이 유권자보고 개자식이래요!!!! 일 잘하라고 뽑아줬더니 유권자한테 개자식이라니요!!!!아무리 억울해도(내용상억울한것도없음)유권자보고 개자식이라는 국회의원을 어떻게 지지해요!!!!그런 국회의원이 있는 더불어민주당 권리당원도 개자식이 되나요!!!!징계해주세여,https://twitter.com/thojmam/status/1252125864432504833,6,3
2020-04-20,06:41:57,ohaunoaulait,"""더불어민주당은 20대 국회 안에 (중략)‘엔번방 3법’ 처리를 약속했다. 국민과의 약속을 반드시 지켜야 할 것이다. 원문보기: ",https://twitter.com/ohaunoaulait/status/1252125333874040832,127,143
2020-04-20,06:38:46,rhddkaydb,"열린민주당 받아주지도 않는다는데 김홍걸은 왜 게거품 무냐. 김의겸은 열린민주당이라는, 더불어민주당이나 더시민당과는 전혀 다른당으로 갔는데 공천불복은 무슨. 그리고 이해찬 대표도 공천불복해 무소속 당선된거 우린 다 이해했었다. 김홍걸 아닥 프리스.",https://twitter.com/rhddkaydb/status/1252124531264598016,1,1
2020-04-20,06:34:56,815pado,"이강래, 민주당이 얻지 못한 호남의 한 석 한국도로공사 소속 1500여 명의 톨게이트 수납원 집단해고 사태의 장본인인 이강래 전 사장이 더불어민주당 후보로 나선 곳이다 ",https://twitter.com/815pado/status/1252123567757471745,1,1
2020-04-20,06:26:37,gangg7018,"더불어민주당 21대 국회 1호 법안. 정기회 제외한 매달 1일 임시회 소집 의무화, 상임위원회의 의사일정/개회일시 임시회 직후 자동으로 정해. 정당한 사유 없이 본회의 위원회 불출석율 10~40% 경우 10~30% 이상 세비 삭감, 30일 이상 출석정지에서 최고 제명까지 징계. ",https://twitter.com/gangg7018/status/1252121475739353090,29,17
2020-04-20,06:16:09,8vUanmtHgmw7EZ4,"[충격] 더불어민주당 총선 압승 그후... 미국, ""주한미군 감축"" 거론 https://freedom-korea.com/entry/%EC%B6%A9%EA%B2%A9-%EB%8D%94%EB%B6%88%EC%96%B4%EB%AF%BC%EC%A3%BC%EB%8B%B9-%EC%B4%9D%EC%84%A0-%EC%95%95%EC%8A%B9-%EA%B7%B8%ED%9B%84-%EB%AF%B8%EA%B5%AD-%EC%A3%BC%ED%95%9C%EB%AF%B8%EA%B5%B0-%EA%B0%90%EC%B6%95-%EA%B1%B0%EB%A1%A0~~자주 국방가튼 소리하고 자빠졌네. 선거 끝난 다음날 국방비 예산 9000억 삭감한다 발표한 놈들이 숟가락으로 자주국방 하냐.? 걍 그림이 그려진다. 미군 떠난 후가.",https://twitter.com/8vUanmtHgmw7EZ4/status/1252118842169372672,0,0
2020-04-20,06:15:28,woodstock1000,더불어 민주당 김병기 의원실 이운웅 비서관이랍니다. 사람의 탈을 쓰고 할짓이 아닙니다.,https://twitter.com/woodstock1000/status/1252118669733146626,7,6
2020-04-20,06:12:47,sacramusica39,"이낙연 당선시킨 종로, 정당투표에서도 더불어 민주당이 막말 폭망당을 이겼다.",https://twitter.com/sacramusica39/status/1252117992847970304,0,0
2020-04-20,06:11:43,sykim0523, 공천불복이 아니라 자진철회한 것이며 시민당 비례 11번이후 순번자 니들도 탈당했다. 니들은 더불어민주당 당원이 아니라 시민당 당원임. 시민당은 대의도 명분도 없는 위성정당이지만 열린민주당은 명분도 있고 정당한 민주정당이다. 열린민주당은 시민당보다 먼저 창당되었다. ,https://twitter.com/sykim0523/status/1252117725645639688,0,0
2020-04-20,06:07:33,kzaanfever,20대국회 매번 발목잡아 국민들 불안케 했던 통합당(자한당) 응징을 요구하는 민심의 영향으로 이번 21대 총선투표에서 여당(더불어민주당)이 압승했다. 국민들은 민중당을 버린게 아니다. 단지 여당에 힘을 모아 준것이다. 녹색당이나 민중당 모두 국민들에게 반드시 필요한 개혁적인 진보정당이다. ,https://twitter.com/kzaanfever/status/1252116677904330753,0,1
2020-04-20,06:01:43,deliriant22,더불어민주당 놈들이 미친놈이죠. 공무원 현직을 국회의원 호보로 내세우고. 선관위는 위법사항 검토는 제대로 하고 있는지 모르겠네요. 법위에 군림하는 더불어부패당입니다.,https://twitter.com/deliriant22/status/1252115209398808577,16,9
2020-04-20,05:55:22,wjsejguq_,더불어민주당 의원 비서관이 일베중독이라니 참 ,https://twitter.com/wjsejguq_/status/1252113610173636608,0,0
2020-04-20,05:54:03,bongpallii,"[리서치N] 4.15 총선 비례대표 정당 투표 여론조사, 더불어민주당 35% VS 미래한국당 30% ",https://twitter.com/bongpallii/status/1252113277707902977,0,0
2020-04-20,05:53:04,Ken10981193,더불어민주당 당진 어기구 나으리입니다.,https://twitter.com/Ken10981193/status/1252113031795863552,1,0
2020-04-20,05:47:38,Sunny38251,"@TheMinjoo_Kr @kiyku6311 더불어 민주당 소속 당진의 '어기구' 의원 유권자에게 개자식이라는 쌍욕을 일삼고, 반말로 협박하는데 이건 윤리위 회부감 아닙니까?? 개자식소리 들으려고 180석 만들어 준 줄 압니까? ",https://twitter.com/Sunny38251/status/1252111665400700934,0,0
2020-04-20,05:43:22,halfmo_oni,저는 사실 더불어 민주당 알바입니다 ㅎㅎ,https://twitter.com/halfmo_oni/status/1252110592384499712,0,1
2020-04-20,05:42:42,rlf196209,인증해야지! 더불어 민주당에 표를준 개자식 입니다.,https://twitter.com/rlf196209/status/1252110424603979778,0,2
2020-04-20,05:40:37,seungpil2353,전현희 곁엔 우리가 있다. 힘내라 전현희 더불어민주당.,https://twitter.com/seungpil2353/status/1252109899808468992,0,0
2020-04-20,05:38:38,hjb0221,더불어시민당과 열린민주당의 관계? 김홍걸 “정치적 거래 없을 것” http://naver.me/5qtT58M6 이 놈 눈깔을 봐라 비리에 쪄들어서 촛점없는 눈깔~~~~ 수십억 비리로 깜빵 갔던 놈이 더불어 민주당의 더러운 이해찬 공천받아서 국민이 뽑았으니 더러워도 된다??????? 이해찬이 민주당 팔아먹음,https://twitter.com/hjb0221/status/1252109401147625478,1,0
2020-04-20,05:31:49,k1o2r3e4a,이인영 대표님 제발 #김홍걸 당선인 우리 더불어민주당에 오지 말라고 하세요 구태정치를 하는 적폐세력 입니다 너무 쪽 팔려요!!! ,https://twitter.com/k1o2r3e4a/status/1252107684129632256,2,3
2020-04-20,05:30:02,seungpil2353,축하 드립니다. 축하 축카 박범계 우리의 영원한 판사님 우리 의원님. 더불어민주당.,https://twitter.com/seungpil2353/status/1252107236580548608,0,0
2020-04-20,05:27:37,subusunews,"180석, 제21대 국회의원 선거 결과 더불어민주당과 그 위성 정당이 차지한 의석수입니다. 총 300개의 의석 중 5분의 3, 즉 60퍼센트에 달하는 의석을 사실상 단 하나의 정당이 가진 것입니다. 그 의미를 스브스뉴스가 짚어봤습니다. https://youtu.be/Q4GqAg58iDw",https://twitter.com/subusunews/status/1252106628213571589,0,1
2020-04-20,05:25:36,Tinafilduo,"아무리 그래도 버닝썬 윤총경, 웹하드 카르텔 민주당 연루, 성인 미성년간 성관계 합의를 어떻게 미통당이 이겨요ㅠㅠ 누구보다 디지털 성범죄에 범죄자로 앞장선 더불어 민주당! 아, 대.단.하.다! https://twitter.com/mhafangin/status/1251544621601021952",https://twitter.com/Tinafilduo/status/1252106119494787073,9,3
2020-04-20,05:23:52,PakSujoung,기레기 넌 더불어 민주당 의원 찍어주고 비례는 미래통합당 찍어주니? 상식이 없는 건지? 대깨문 인지? 헬조선 기레기 수준하고는 ㅉㅉ,https://twitter.com/PakSujoung/status/1252105681110327296,3,3
2020-04-20,05:22:09,ggb_reple,"머니투데이/김홍걸, 열린민주당에 ""공천 불복, 탈당이 팩트..거래 없다"" - 굳이 안해도 될 얘기긴 하지만 더불어민주당의 방향 역시 이 발언과 다르지 않다고 보이며 김홍걸을 향한 비난은 자제해야. ",https://twitter.com/ggb_reple/status/1252105249818460163,1,1
2020-04-20,05:21:47,kosanghun,더불어민주당 잘한다. 화이팅. 민주당 21대 국회 1호 법안은 '일하는 국회법' | 다음 뉴스 ,https://twitter.com/kosanghun/status/1252105157694767105,14,17
2020-04-20,05:17:37,womanpower_kr,더욱이 더불어민주당과 미래통합당은 위성정당을 만들어 준연동형비례대표제의 의의를 훼손시키며 다당제를 양당체제로 회귀시켰다. 의원 차원에서도 정당 차원에서 다양성이 사라진 국회가 되었다. 그럼에도 우리는 멈추지 않는다.,https://twitter.com/womanpower_kr/status/1252104109655646213,0,0
2020-04-20,05:17:36,womanpower_kr,특히 거대정당에 유리한 국고보조금 배분방식으로 인해 국고보조금의 60% 이상을 받아가는 더불어민주당과 미래통합당은 그 어느 정당보다 여성정치인을 육성하고 여성대표성을 확대하는 데 큰 책임과 의무가 있다.,https://twitter.com/womanpower_kr/status/1252104106560286721,0,0
2020-04-20,05:17:33,womanpower_kr,같은 동료 남성 당선율(더불어민주당 64.7%와 미래통합당 36.2%)과 큰 차이가 없다. 여성의 당선경쟁력이 문제가 아니라 남성연대로 똘똘 뭉친 거대정당들이 여성들을 공천하지 않는 것이 문제이다.,https://twitter.com/womanpower_kr/status/1252104094845558784,0,0
2020-04-20,05:17:33,womanpower_kr,"21대 국회에서 여성 지역구 3석 증가는 여성의 당선 경쟁력을 보여주는 지표이다. 더불어민주당은 지역구에 여성 32명을 공천했는데 20명이 당선돼 당선율 62.5%를 기록했고, 미래통합당은 여성 26명을 공천했고, 그 중에서 8명이 당선돼 당선율 30.8%를 기록했다.",https://twitter.com/womanpower_kr/status/1252104093331386376,0,0
2020-04-20,05:14:53,Ken10981193,더불어민주당 어기구의원 나으리입니다.,https://twitter.com/Ken10981193/status/1252103422465028096,1,1
2020-04-20,05:14:19,hiskylo,"더불어민주당 이해찬 대표는 ""긴급재난지원금은 재난 대책이지 복지 대책이 아니다“라고 못 박았다. 이 대표는 ""복지 대책으로 잘못 생각하니까 여러 합리적 정책이 나오지 않는다""라며 이 같이 강조했다. ",https://twitter.com/hiskylo/status/1252103279531548673,2,1
2020-04-20,05:13:39,DOOMDOOMBIT,유권자가 유권자 다워야지 개자식 (?) 이게 국회의원ㅇㅣ할 소리예요? 뱃지만 달면 그만인건가요? 저 더불어민주당 권리 당원인데 초반부터 테클 거는 게 아니라 저런 문자캡쳐보고 경악을 금치 못하겠네요? 사과 문자나 보내세요.,https://twitter.com/DOOMDOOMBIT/status/1252103109897154561,0,0
2020-04-20,05:06:33,didgksk14,대통령님 유시민씨가 긴급지원금 지급에 대해서 유튜브채널 알릴레오에서 발언을 하셨습니다 봐주셨으면 좋겠습니다 더불어민주당의 약속이고... 긴급적인 부분이고... 딱 한번이니...아무래도 들어 주셔야 되지 않을까 생각됩니다..,https://twitter.com/didgksk14/status/1252101324033781762,0,0
2020-04-20,05:00:48,hyang1294,더불어민주당 당원들 중에 당대표를 자기 친구만도 못하게 여기는 사람들이 가끔 있나봐요?,https://twitter.com/hyang1294/status/1252099878538194944,0,1
2020-04-20,05:00:41,hLCLCLVdJ3X2uMa,"열린당 창당 자체가 해당행위죠. 시민을 위하여는 처음에 더불어민주당이 다른 당을 선택하면 우리는 해산하겠다.고 했는데, 열린당은 그러지 않고 그냥 마이웨이로 간거아님니까? 지지자 갈라먹기 목적정당. ",https://twitter.com/hLCLCLVdJ3X2uMa/status/1252099849949855746,1,0
2020-04-20,04:58:38,IndependentDem7,"더불어민주당 관계자 여러분~ ! 긴급재난지원급을 모든 국민들께 지급 하겠다고 한 약속. 그 약속은, 민주당의 일방적인 약속 이야요. 길 가다가 맘에 드는 이성을 만나서는, 나는 당신과 결혼 하겠습니다. 하고, 혼자 약속하고 끝까지 그 이성에게 반드시 결혼해야 한다며 억지 부리는 격.",https://twitter.com/IndependentDem7/status/1252099334381793281,1,0
2020-04-20,04:58:12,sepal73_,(2) 경기 안양 을에서 이재정 더불어민주당 후보가 당선됐다. 이재정 후보는 선거에 함께한 지지자들에게 당선 축하를 받고 감사의 마음을 전했다. 한편 파란색 축하 꽃다발과 관련해 선거일(4월 15일) 다음 날인 4.16 세월호 참사 6주기와 관련된 언급을 했다. ,https://twitter.com/sepal73_/status/1252099224688144384,0,0
2020-04-20,04:52:31,ilove7wol,더불어민주당 40개 vs 정의당 0개. 과연 누가 진정한 페미니스트 정당인가. ,https://twitter.com/ilove7wol/status/1252097794288103429,11,3
2020-04-20,04:50:41,esangmin,더불어민주당 의원총회 장소: 국회본청 예결위회의장 ,https://twitter.com/esangmin/status/1252097334114086912,5,12
2020-04-20,04:43:52,Soyay,김홍걸 씨가 더불어 민주당의 무슨 위치이길래.....,https://twitter.com/Soyay/status/1252095614801678336,1,0
2020-04-20,04:42:30,celestemalti,국민의 결정이 그렇게 우습냐? 너 같은 것들이 국민의 대표라고 깝죽대는꼴 어떻게 보겠니? 나쁜 것들이 국민을 위한 법 만들겠니? 지금까지 국민의 복지를 챙긴건 #더불어민주당 뿐이다 네들보다 백배 천배 낫다는걸 알기에 #더불어민주당 몰빵 한거야 누구나 국민 눈에 벗어나면 탈락이다,https://twitter.com/celestemalti/status/1252095270889766912,0,0
2020-04-20,04:42:22,supiagml,이의원님..제발 대통령님께 힘이 되어주세요... 의원님의 겸손 경청 너무 멋지시고... 본받고싶습니다. 제발 더불어민주당의원님들 국민의 뜻 제발 잘받아주셔서 대통령님께 큰힘되어주세요 제발!!!,https://twitter.com/supiagml/status/1252095239872901120,0,0
2020-04-20,04:42:08,7guardian_angel,더불어민주당 탈당 하려는 분들께 바로가기 사이트 공유함. https://theminjoo.kr/mypage/partyLeave ☆민주당 탈당 간편신청☆ #긴급재난기금_정부안대로_처리하세요,https://twitter.com/7guardian_angel/status/1252095180896825344,2,1
2020-04-20,04:38:58,ulttung,"더불어민주당 디지털성범죄대책단장인 백혜련 의원이 20일 성착취 동영상 범죄 'n번방 사건'과 관련, 아동·청소년 대상 성범죄 처벌의 실효성을 높이고자 법정형을 대폭 높이는 내용의 법안을 대표 발의 ",https://twitter.com/ulttung/status/1252094385056931845,19,15
2020-04-20,04:38:42,Jz1gglSs4upC0F4,"심상정 정의당 대표는 20일 긴급재난지원금 지급 대상과 규모에 대해 ""1인당 100만원을 지급해야 한다""며 ""더불어민주당이 4인 가구 기준 100만원 지원을 고수하고 있는데 턱없이 부족하다""고 강조했다. 이래서 정의당은 안된다 수권능력이 없고 선동만 가능한 당의정 https://news.v.daum.net/v/20200420102630170",https://twitter.com/Jz1gglSs4upC0F4/status/1252094316480040960,0,0
2020-04-20,04:37:45,lyh706,더불어민주당에는 당대표가 계시고 최고위원들이 있습니다 그분들이 당원들의 의견과 여론을 감안해서 민주적 절차를 통해 판단을 하실것이고 당원들과 소통을 통해 일을 원만히 해결하도록 노력하시겠지요 그게 민주사회를 살아가는 더불어민주당의 현재모습입니다 근데 갑자기 비례로 들어온 사람,https://twitter.com/lyh706/status/1252094078600114176,0,4
2020-04-20,04:29:18,ylee074011,당신들이 기고만장을 예상하고 있었다. 문재인 정부의 국민이다. 더불어 민주당의 국민이 아니다. 당의 문제도 제대로 처리하지 못하는 것들이 열린우리당 때의 경거망동을 또 해대고 있음에 또다시 촛불이 켜진다면 그건 바로 민주당사 앞일것이다. 시건방 떨지마라!!!!,https://twitter.com/ylee074011/status/1252091949844062215,0,0
2020-04-20,04:22:37,kosanghun,"더불어민주당 화이팅. '전국민 지급 가닥' 민주 ""5월초 지급"" 속도전..野 설득 관건 | 다음 뉴스 https://news.v.daum.net/v/20200420115036700",https://twitter.com/kosanghun/status/1252090268574085121,12,6
2020-04-20,04:20:01,tiramisu13579,내각제 같은 소리 하네... 정신차려라 니네 이뻐 뽑아준거 아니다. #더불어민주당,https://twitter.com/tiramisu13579/status/1252089616120770561,0,0
2020-04-20,04:17:24,koocho91,"김홍걸, 열린민주당에 ""공천 불복, 탈당이 팩트..거래 없다"" -------------- 뇌물죄 전과자 김홍걸이 더불어민주당을 대변하는 개소리 하는게 적절한지 당대표 해찬이가 해명하기 바란다. &lt;세월호 학살 국정원 조사요구&gt;",https://twitter.com/koocho91/status/1252088958013583360,2,0
2020-04-20,04:17:20,Cody62583522,더불어민주당 김병기 의원 비서관 가정폭력으로 사직처리? http://naver.me/GGukBOkg,https://twitter.com/Cody62583522/status/1252088940674179072,2,4
2020-04-20,04:15:22,kosanghun,잘한다. 더불어민주당. 국민만 보고 기자. 총선 공약서도 '일하는 국회' 매달 1일 임시회 소집 의무화 불출석땐 최고 제명 징계까지 법사위 체계자구심사권 폐지 민주당 21대 국회 1호 법안은 '일하는 국회법' | 다음 뉴스 ,https://twitter.com/kosanghun/status/1252088444555165697,8,6
2020-04-20,04:13:21,colorfulxxx,월화요일 바빠서 한눈 팔 틈 없는데 전국민에 돌아버린 민주당 당대표랑 지도부 때문에 돌아버리겠네...민주당한테 투표해서 미통당 압박하랬더니 그 힘으로 대통령을 압박하고 있다. 더불어민주당은 지금 또다른 열린우리당이 되려고 한다.,https://twitter.com/colorfulxxx/status/1252087938906648576,0,0
2020-04-20,04:08:15,LOLOS8678,"이제 조금 정신이 돌아왔네요. 과몰입... 험지에서 낙선한 후보들에게 감정이입... (내가 뭐라고) 분명 크게 이긴 선거임에도 15일 이후로는 뉴스 한 줄도 못 읽고, 매일 술만 마셨는데 주말 지나 정신이 돌아왔습니다. 보석같은 더불어민주당 후보님들 감사합니다 죄송합니다 수고하셨습니다.",https://twitter.com/LOLOS8678/status/1252086652677189634,403,863
2020-04-20,04:02:10,ehfrhfo1177,대체 어느 진보당이 토지공개념 주장하고 국가보안법 폐지하고 싶어하나. 요즘 더불어민주당을 보수로 미는 작업중인것같던데 나라가 ㅁ ㅣㅊ ㅕ돌ㅇㅏ가고있네,https://twitter.com/ehfrhfo1177/status/1252085121609371648,0,0
2020-04-20,03:56:33,jeuk06061,품어 안는는게 더욱 중요함다. 최강욱검사는 더불어민주당승리에 기여한 매우 중요한 아웃사이더였다는 걸 아셔야 합니다. 마이크 잡고 집안싸움 유발발언 안 했으면합니다. 지금부터 검찰개혁 등이 더욱 중요하다는걸 명심 하시길 바람다.,https://twitter.com/jeuk06061/status/1252083709085315072,1,3
2020-04-20,03:54:16,auraura,"정부안으로 하면 되겠네... 더불어민주당에서 총선 전에 그랬던 것처럼 이번에도 야당과 협치?한다는 생색도 날 수 있고... 통합당, 여 '전국민 지급' 반대..""상위 30% 위한 '나랏빚' 안돼"" &lt;연합뉴스&gt;",https://twitter.com/auraura/status/1252083135040425985,0,0
2020-04-20,03:52:46,bumsooC,김홍걸 당선인 주장 때문에 궁금해 졌는데 더불어시민당 창당은 더불어민주당에 해당행위 아닙니까? 별 희한한 전 당원 투표까지 하면서 민주당 후보도 아닌 1~10번까지 투표하도록 만들었잖아요. 더불어시민당 창당이 민주당에 해당 행위인지 아닌지 누가 좀 알려주세요! ,https://twitter.com/bumsooC/status/1252082757548666880,2,0
2020-04-20,03:43:45,Dreamwaveller,열린 민주당은 이 말을 곱씹어야 한다. 문대통령을 지키는 방법이 꼭 한가지만 있는것이 아니다. 지지자들을 모으고 덩치를 키워서 추구하는 정치 실험은 계속되어야하고 그것이 훗날 더불어 민주당이 무시할 수없는 그런 정당이 되는것이 진정 열린 민주당이 갈 길이라고 본다.,https://twitter.com/Dreamwaveller/status/1252080486647726081,0,0
2020-04-20,03:43:29,parangyi0610,더불어 민주당 대구의원이 없는디요......??,https://twitter.com/parangyi0610/status/1252080419022893060,0,0
2020-04-20,03:42:32,chunryus,왜 언론에서 뿌리는 열린민주당과 더불어민주당간의 갈라치기 미끼를 항상 무시나요? 열린민주당은 문재인대통령을 위해서 힘쓴다고 하였습니다. 협치를 안해도 같은 편인 사람들을 굳이 적으로 돌려가면서 싸울 필요가 있나요? 저들은 우리가 분열하고 싸우길 바랍니다. 그걸 바라시는겁니까?,https://twitter.com/chunryus/status/1252080182296367104,0,2
2020-04-20,03:38:42,DIA65580865,#재난지원금 에 대한 오락가락이 #통합당 이 한발도 앞으로 나아가지 못하는 큰이유 닥치고 응급 상황에 몰려있는 국민을 구하라. #더불어민주당 #청와대 #미래통합당,https://twitter.com/DIA65580865/status/1252079216083865600,1,1
2020-04-20,03:36:19,qKOOYmHbzwuJ9MK,나는 더불어민주당 권리당원으로서 뇌물전과자인 비례대표 당선자 김홍걸의 비례대표 당선인 자격박탈 및 출당을 요구합니다. 행동하는 양심을 아로새긴 우리당에 비양심 뇌물 전과자가 국회의원이라니 부끄럽습니다. @hgk615,https://twitter.com/qKOOYmHbzwuJ9MK/status/1252078618475290624,1,0
2020-04-20,03:32:32,peartree_season,ㅋㅋ 나그래서 더불어민주당 이름 바꿨을때 바로 냄새 맡았긔ㅠㅠㅋㅋ ,https://twitter.com/peartree_season/status/1252077666984816642,8,2
2020-04-20,03:30:47,kimeden_ss,"https://news.v.daum.net/v/20200419141904430 김예지 당선인은 19일 입장문을 내고 ""장애에 차별이 없는 국회를 만드는데 그 뜻을 같이해주신 정의당 관계자분들과 이석현 의원(더불어민주당)께 감사의 마음을 전한다""고 말했다. 원유철 대표도 페이스북에 글을 올려 “정의당과 심상정 대표에게 감사드린다”고 밝혔다.",https://twitter.com/kimeden_ss/status/1252077224926330880,0,0
2020-04-20,03:30:04,bgkimin,"충남 더불어민주당 당선인들 감사인사…""일하는 국회 만들겠다""",https://twitter.com/bgkimin/status/1252077043577000010,0,0
2020-04-20,03:26:51,fresh_chungpodo,#더불어민주당 #내로남불 #이럴거면_반일_왜함,https://twitter.com/fresh_chungpodo/status/1252076233015226370,0,0
2020-04-20,03:24:31,kr_lawtimes,21대 국회 법조인 46명 입성… 지역구 42명·비례대표 4명 - 15일 치러진 제21대 총선에서 여당인 더불어민주당이 압승을 거두면서 4년 만에 '여대야소' 국면이 형성된 가운데 법조인 출신 후보 46명도 당선자 ... ,https://twitter.com/kr_lawtimes/status/1252075647192772609,0,0
2020-04-20,03:24:30,kr_lawtimes,"법조계, 여당發 ‘사법개혁 강공 드라이브’에 촉각 - 코로나19 사태 속에 치러진 제21대 국회의원 선거에서 여당인 더불어민주당이 압승을 거둠에 따라 문재인 정부가 검찰개혁을 포함한 사법개혁에 강공 드라이브를 걸 것... ",https://twitter.com/kr_lawtimes/status/1252075645124952064,0,0
2020-04-20,03:22:49,ShinJiMin365,"한국에서는 좌파나 사회주의자도 드물지만 사실 리버럴(자유주의좌파)도 드뭄. 더불어민주당을 한국에선 리버럴이라고 하는데 그렇다면 ""동성애 반대하는 리버럴"", ""유교 전통 가치에 기반한 리버럴""이라는 건가?",https://twitter.com/ShinJiMin365/status/1252075219918786561,0,3
2020-04-20,03:22:02,bysoq,미래통합당 야당 비대위갈등 한숨뿐 선거대참패 일주일않지났다 곧바로 갈등 엄청심하면 어떻게하는것인지 중도층 부동층 조금의 어르신까지도 더불어민주당에게 밀어주었는데 큰결단 큰결정 개혁혁신 모습 않갈것인가,https://twitter.com/bysoq/status/1252075023122132992,0,0
2020-04-20,03:13:34,yakyu_memo,이미 작년 11월에 민주당에서 국회 혁신사항으로 발표되었던 내용을 기초로 삼은 법안임. “더불어민주당 국회혁신특별위원회는 지난해 11월 국회 혁신방안을 확정·발표했다.” ,https://twitter.com/yakyu_memo/status/1252072891320942593,2,0
2020-04-20,03:11:29,mypretty4u,사진 모에요?ㅎ소녀 소녀 하시네요~ 국회 가시거든 더불어 민주당과 협치 잘해주세요~믿습니다~ ,https://twitter.com/mypretty4u/status/1252072366487699456,0,1
2020-04-20,03:07:08,gclef89988,"총선에서 더불어민주당이 180석 압승으로 이기고 나니 벌써부터 여기저기 청구서를 디밀며 이러쿵 저러쿵 말들이 많네. 이보세요 들~~~!!! 아직은 20대 국회이고, 21대 국회는 6월 부터 시작 되잖아!!! 조금만 참으라고‥ 쫌",https://twitter.com/gclef89988/status/1252071274206998529,0,2
2020-04-20,03:05:33,agit00,"홍남기 부총리 교체설 솔솔…EPB 출신이냐 '모피아'냐 [여기는 논설실] - ""홍 부총리가 여당인 더불어민주당의 코로나 사태 극복을 위한 긴급재난지원금 전국민 지급 공약에 대해 재정부담을 이유로 반대하자 정치권에선 교체설이 더욱 힘을 받고 있다"" (한국경제) https://n.news.naver.com/article/015/0004327043",https://twitter.com/agit00/status/1252070874821177344,0,0
2020-04-20,03:02:40,Lee_InYoung,2020년 4월 20일(월) 오전 9시 30분 제233차 최고위원회의 #이인영 #더불어민주당 #원내대표 모두발언 전문입니다.,https://twitter.com/Lee_InYoung/status/1252070147885428736,89,228
2020-04-20,03:02:20,fjqfjqfjq1234,2030 세대가 가장 많이 지지하는게 더불어 민주당 아닌가요? 그들의 몫으로 남겨두세요 본인들의 선택에 책임을 져야죠. 저는 민주당 안찍어서 무척 억울합니다만 어쩌겠나요..,https://twitter.com/fjqfjqfjq1234/status/1252070063370170369,8,10
2020-04-20,02:52:39,bysoq,"정부, 남북철도 재추진…＂동해북부선 예비타당성 면제 계획＂ (출처 : 연합뉴스 | 네이버 뉴스) http://naver.me/GkE5V87J 총선 즉 21대국회의원 선거 대승리 했다고 벌써 이런 움직임 않좋다 국난극복 경제에 힘써라 중도층 부동층 어르신 할매 할배들께서 더불어민주당 밀어준 이유 그외개헌도",https://twitter.com/bysoq/status/1252067626605408256,0,1
2020-04-20,02:49:16,bgkimin,"더불어민주당 [강훈식 수석대변인 브리핑] 제40회 장애인의 날, 차별 없이 함께 더불어 잘 사는 사회를 만들기 위해 더 힘쓰겠다 외 1건 https://www.theminjoo.kr/board/view/briefing/268253",https://twitter.com/bgkimin/status/1252066775254003712,0,0
2020-04-20,02:42:54,binlamyun,미통당의 이런모습 정말 좋다 더불어민주당에 아주 좋은 징조다 반성은 커녕 몰락에 더 빠져드는 미통당 진짜로 잘하고있다ㅋㅋㅋ ,https://twitter.com/binlamyun/status/1252065176162951169,1,1
2020-04-20,02:41:38,kimjuick0,"이럴때 쓰는 말이 지리멸렬이라고 하는 것 같습니다. 정말 미래통합당은 없어져야할 당이 맞는 것 같습니다. 이런 구도가 좋을 것 같습니다. 더불어민주당(보수, 6) : 새로운 세력(진보, 4) 진정한 보수는 더불어민주당 #더불어민주당 #미래없는_통합당",https://twitter.com/kimjuick0/status/1252064856284385281,0,0
2020-04-20,02:41:18,i_ilyo,당권 직접 접수 이어 대권 도전 ‘플랜A’와 김부겸 등과 연대 후 대권 직행 ‘플랜B’ 놓고 고민 #김부겸 #이낙연 #총선 #대선 #송영길 #임종석 #더불어민주당 ,https://twitter.com/i_ilyo/status/1252064773232922624,0,0
2020-04-20,02:33:41,hadeshands,https://youtu.be/3KWvw86fNUI #반기업 #폭망 #자영업 #중소기업 #1300 #한국 #경제 #한국경제 #더불어민주당 #열린민주당 #매국,https://twitter.com/hadeshands/status/1252062854322085888,0,0
2020-04-20,02:32:43,010_67_,더불어 민주당을 종교처럼 따르는 한녀들이 있는데 정신차려야 한다 이런 한남들 더민당에 ㅈㄴ 많고 일반화다 뭐시기다 빼액 하는데 그냥... 빠순이랑 다른 게 없는 것 같음 ,https://twitter.com/010_67_/status/1252062613317357569,0,0
2020-04-20,02:31:09,ifc0826,"[충격] 더불어민주당 총선 압승 그후... 미국, ""주한미군 감축"" 거론 https://freedom-korea.com/entry/%EC%B6%A9%EA%B2%A9-%EB%8D%94%EB%B6%88%EC%96%B4%EB%AF%BC%EC%A3%BC%EB%8B%B9-%EC%B4%9D%EC%84%A0-%EC%95%95%EC%8A%B9-%EA%B7%B8%ED%9B%84-%EB%AF%B8%EA%B5%AD-%EC%A3%BC%ED%95%9C%EB%AF%B8%EA%B5%B0-%EA%B0%90%EC%B6%95-%EA%B1%B0%EB%A1%A0 --- 문대령 정권에서 나라 조때가고 있다...",https://twitter.com/ifc0826/status/1252062218587275265,14,8
2020-04-20,02:27:06,N03zdDchsgG3WMK,"RT @ohmynews_korea 이해찬 ""지금 개헌·검찰총장 거취 얘기할 때 아니다"" #이해찬 #더불어민주당 #코로나19 #긴급재난지원금 #21대총선 이경태 기자",https://twitter.com/N03zdDchsgG3WMK/status/1252061196712206336,0,0
2020-04-20,02:23:47,inhyangin,"[e조은뉴스] 소병철 당선자, 약속드린 대로 화합하는 순천을 만들겠다-순천시광양시곡성군구례군(갑) 더불어민주당, 10년만의 제대로 된 ‘민주당 승리’ 속에 해단식 가져... http://www.egoodnews.kr/27007",https://twitter.com/inhyangin/status/1252060364415500288,0,0
2020-04-20,02:23:24,entp_and_enfp_t,와 총선 선거구별 판세도를 보고 있는데 더불어민주당이 강북을 다 점령했네 참... #REMEMBER_NTHRO0M,https://twitter.com/entp_and_enfp_t/status/1252060268030423040,2,2
2020-04-20,02:22:53,dqyi,"김세연 ""통합당 근본적 해체해야...산업화 세대 등 과거와 단절 필요"" 주장 http://www.pennmike.com/news/articleView.html?idxno=30742.. 제발 넌 더불어민주당으로 가라. 보수우파의 가치를 1도 모르는 잉간이 왜 거기서 감놔라 배놔라 떠느나. 너 나가~",https://twitter.com/dqyi/status/1252060138157965312,39,32
2020-04-20,02:20:05,wikitree,"""남편은 더불어민주당 의원 밑에서 근무하는 국회 공무원 "" http://i.wik.im/articles/524950 #민주당비서관 #네이트판 #가정폭력",https://twitter.com/wikitree/status/1252059432915046400,1,0
2020-04-20,02:19:40,OhmyNews_Korea,"'할 말 하는 정치' 부탁한 김해영 ""주류 편승 위해 침묵 말아달라"" #김해영 #총선 #이해찬 #더불어민주당 http://omn.kr/1ndne 조혜지 기자",https://twitter.com/OhmyNews_Korea/status/1252059326732054534,2,2
2020-04-20,02:17:59,weandre,더불어민주당 지도부는 뭐하나? 김홍걸 헛소리 계속 들어야 하나? 짜증지대로 난다. 막판 열린민주당 험하게 발길질 해서 소기의 목적 달성했으면 맘을 넓게 써야지~ 김홍걸씨도 따지고 보면... 대통령 아들이라는 기득권 때문에 당선된거아닌가? 서로좀 크게 정치하자고!!!,https://twitter.com/weandre/status/1252058902432108544,4,2
2020-04-20,02:15:41,yky101yy,"윤석열의 정치쇼... ""정경심 교수의 구속영장은 기각된다!"", 손석희의 변절과 더불어민주당의 역습, 그리고 구독자 10만명 돌파 ... https://youtu.be/tJl6EttMpcM 출처 @YouTube",https://twitter.com/yky101yy/status/1252058326612889600,0,0
2020-04-20,02:15:10,nicheinmo,"당이 정부(대통령)를 압박하는 건 곧 이재명이 이낙연을 압박하는 것으로 이해하면 된다_ 더불어민주당 이해찬 대표는 20일 ""긴급 재난지원금은 재난 대책이지 복지 대책이 아니""라며 ""이를 복지대책으로 잘못 생각하니까 여러 합리적인 정책들이 나오지 않는다""고 지적했다.",https://twitter.com/nicheinmo/status/1252058196769771520,4,1
2020-04-20,02:09:40,OhmyNews_Korea,"이해찬 ""지금 개헌·검찰총장 거취 얘기할 때 아니다"" #이해찬 #21대_총선 #긴급재난지원금 #더불어민주당 #코로나19 http://omn.kr/1ndnb 이경태 기자",https://twitter.com/OhmyNews_Korea/status/1252056811143716864,1,5
2020-04-20,02:02:41,seongseong75,"정치적 포지션이 더불어민주당이 보수라고 하는데, 내가 보기엔 민중당이니 하는 사람들이 진짜 보수 아닐까 싶다. 왼쪽이 아니라 오른쪽이란 얘기. 보수적이고, 애국적이고, 민족적이고, 쇄국적인.",https://twitter.com/seongseong75/status/1252055053046710273,0,0
2020-04-20,02:01:22,joongdoilbo,더불어민주당의 석권으로 지역의 '매머드급 현안' 공약 이행 여부에 관심이 쏠립니다. http://www.joongdo.co.kr/main/view.php?key=20200416010006236 #더불어민주당 #지역구 #매머드급 #현안공약 #혁신도시 #일자리창출 #공공기관 #의료원,https://twitter.com/joongdoilbo/status/1252054721310806016,0,0
2020-04-20,02:00:31,1004hahahahaha,"""더불어민주당 현역 의원의 한 비서관이 가정 폭력, 부부 강간 의혹으로 경찰 수사를 받고 있는 것으로 19일 알려졌다. 해당 의원실은 문제의 비서관을 해임하기로 했다."" ",https://twitter.com/1004hahahahaha/status/1252054509972410368,0,1
2020-04-20,01:53:50,OHADAM7,"당신의 한없이 크고 깊은 뜻이 국민에 닿아 대한민국을 바꾸고 있습니다. 더불어민주당이 조금만 정신을 차려도 완전히 새로운 대한민국은 생각보다 빨리 올 텐데, 그래서 당신의 무거운 어깨가 조금은 가벼워질 수 있을 텐데, 그래서 더 애타고 안타까운 시절입니다. 건강하십시오, 대통령님.",https://twitter.com/OHADAM7/status/1252052827733495809,0,1
2020-04-20,01:51:24,QE1YQMonSc4wgKX,이번 총선에서 더불어민주당이 압도적으로 승리할수 있도록 뒤에서 도와준것들은 역설적으로 조중동놈들이다. 시대착오적인 가짜뉴스를 퍼나르고 경제가 폭망했다고 하고 나라가 공산화 된다고 사기치고 했다. 그런 썩어빠진 기사를 21세기에 써대니 기가 막힙니다. 그래서 조중동놈들을 미워하지 말자,https://twitter.com/QE1YQMonSc4wgKX/status/1252052215499329537,0,0
2020-04-20,01:50:17,yonhaptweet,'171표 차 당선' 윤상현 선거구 재검표 추진…향후 절차는 https://www.yna.co.kr/view/AKR20200420051800065?input=tw 4·15 총선 인천 동구미추홀을 선거구에서 171표의 근소한 차이로 무소속 윤상현 당선인에게 패한 더불어민주당 남영희 후보 측이 재검표를 추진함에 따라 향후 절차에 관심이 쏠립니다.,https://twitter.com/yonhaptweet/status/1252051933000421376,41,10
2020-04-20,01:50:09,ouin_politics,2n살 여성. 정치에 관심은 있으나 너무 광범위하고 깊은 지식이 요구되어 아직까지도 문외한이나 다름 없는 상태. 좌파 성향을 갖고 있으나 우파에 대해서 아직 잘 모르는 것 같기도 해 탐구해보려고 계정 팠습니다. #더민주 #더불어민주당 #미통당 #미래통합당 #정의당 #국민의당,https://twitter.com/ouin_politics/status/1252051900746264576,0,0
2020-04-20,01:48:29,psk52521,"(리얼미터) 정당 지지도,더불어민주당 46.8%. 미래통합당 28.4%. 정의당 6.0% 순 http://www.ktin.net/h/contentxxx.html?code=newsbd&amp;idx=554098&amp;hmidx=20&amp;knum=t https://twitter.com/share?text=(%EB%A6%AC%EC%96%BC%EB%AF%B8%ED%84%B0)%20%EC%A0%95%EB%8B%B9%20%EC%A7%80%EC%A7%80%EB%8F%84%2C%EB%8D%94%EB%B6%88%EC%96%B4%EB%AF%BC%EC%A3%BC%EB%8B%B9%2046.8%25.%20%EB%AF%B8%EB%9E%98%ED%86%B5%ED%95%A9%EB%8B%B9%2028.4%25.%20%EC%A0%95%EC%9D%98%EB%8B%B9%206.0%25%20%EC%88%9C%20http%3A%2F%2Fwww.ktin.net%2Fh%2Fcontentxxx.html%3Fcode%3Dnewsbd%26idx%3D554098%26hmidx%3D20%26knum%3Dt",https://twitter.com/psk52521/status/1252051481877819393,0,0
2020-04-20,01:45:20,cactuspiano,"[ㅡ”더불어민주당 현직 국회의원 비서관, 가정폭력과 부부강간 혐의로 입건 이 의원은 4.15 총선에서 당선돼 재선 성공.” ""남편은 최근 재선에 성공한 더불어민주당 의원 밑에서 근무하는 국회 공무원이자 명문대 로스쿨 출신 변호사""ㅡ] 글월간조선 뉴스룸 http://m.monthly.chosun.com/client/mdaily/daily_view.asp?idx=9329&amp;Newsnumb=2020049329",https://twitter.com/cactuspiano/status/1252050688764334080,0,0
2020-04-20,01:40:24,camp_cia,차기 원내대표 경기북부를 분당급으로 발전시킨 정성호 의원을 강력하게 밀어주셈요. 참신하고 중립적이며 4선의원의 정성호 의원이 적임자라고 봅니다. 물론 저 생각이지만 더불어 민주당 이미지와 신선함 깔끔함 지역구에서도 매우 지지율이 높고 덕망있고 리더쉽을 골고로 갖추고 계신 분이라는 것,https://twitter.com/camp_cia/status/1252049445543219200,0,0
2020-04-20,01:39:40,OhmyNews_Korea,[주장] 나는 진보주의자가 아니었다 #415_총선거 #강민정 #정의당 #진보주의 #더불어민주당 http://omn.kr/1ndi2 유기창 기자,https://twitter.com/OhmyNews_Korea/status/1252049260322816000,1,1
2020-04-20,01:39:18,l12ardk1n9,@TheMinjoo_Kr 더불어 민주당에서 공식 입장 나왔는가? 이게 논란이 되고 아직도 결론이 안났다니 충격적이다. ,https://twitter.com/l12ardk1n9/status/1252049169533095939,0,0
2020-04-20,01:35:21,yH28mLqOoJB3Jca,와이프가 임신중인데 지가 도로 폭행을 당했다고? 공포에 시달렸다고? 더불어민주당 서울 누구 비서관이냐? 비서관의 악행을 조용히 사직처리로 무마하려고한 자는 누구냐? 가정폭력이 장난이지? ,https://twitter.com/yH28mLqOoJB3Jca/status/1252048176049053696,1,1
2020-04-20,01:25:55,ggb_reple,열린민주당을 향한 입장은 사실상 더불어민주당의 방향..,https://twitter.com/ggb_reple/status/1252045801242587136,0,0
2020-04-20,01:24:06,riraartschool,대통령을 두번 세번 네번 뽑고 싶은 마음으로 더불어민주당 뽑은거에요 지지해서가 아니라 다 대통령 덕으로 뽑은거라는걸 잘 기억해주세요,https://twitter.com/riraartschool/status/1252045342838677504,0,0
2020-04-20,01:21:52,janghoonin,[강선우 TV] 당선인사 https://youtu.be/VC1U-atmRFo @YouTube 님이 공유 강선우TV 구독자 2.34만명 ~유튜브구독3만명가자~ @TheMinjoo_Kr #더불어민주당 @platformparty20 #더불어시민당,https://twitter.com/janghoonin/status/1252044780487368704,0,1
2020-04-20,01:19:36,zzc2_1016,저 마에카와 미쿠는 대체 어떤 삶을 살고 있는걸까 어떤 삶을 살고있길래 더불어민주당을 들어간갈까... ,https://twitter.com/zzc2_1016/status/1252044211647426562,0,1
2020-04-20,01:19:19,skyfeel6666,공천불복 탈당은 더불어민주당기틀을 흔드는반민주당행위 절대용서안됩니다 열민당해체하고 개별입당하세요~~,https://twitter.com/skyfeel6666/status/1252044141908733952,1,4
2020-04-20,01:10:22,janghoonin,더불어민주당 https://www.youtube.com/user/minjootv 구독자 1.52만명 ~유튜브구독100만명가자~ @TheMinjoo_Kr #더불어민주당 @platformparty20 #더불어시민당,https://twitter.com/janghoonin/status/1252041888716034050,0,1
2020-04-20,01:09:18,gurumann3,"[사설] 단독 처리 의석도 부족해 野 손발 묶는 法부터 만드나 http://news.chosun.com/tw/?id=2020042000031 집권당인 더불어민주당, 시민당이 절대다수 의석을 차지한 21대 국회에서 추진할 첫 번째 입법 과제는 국회법 바꾸기라고 한다.",https://twitter.com/gurumann3/status/1252041619353645056,0,0
2020-04-20,01:06:45,kjk3394,이번 선거는 명백한 부정선거다. 사전투표 논란 때문이 아니다. 더불어민주당 양정철 민주연구원장이 이야기 한 '빅데이터 활용' 탓이다.,https://twitter.com/kjk3394/status/1252040976970838016,0,3
2020-04-20,01:06:08,newstnt_,"[격전 4.15] 서대전고, 대전 최고 정치명문고 등극 - 21대 총선 동구 장철민·중구 황운하 두 명의 당선자 배출 http://www.newstnt.com/news/articleView.html?idxno=53658 #서대전고 #대전고 #소선거구제 #21대총선 #2020총선 #장철민 #황운하 #총선 #국회의원 #더불어민주당 ",https://twitter.com/newstnt_/status/1252040821169246208,0,0
2020-04-20,01:03:40,sisat12,"김병욱 의원, 제21대 국회의원 당선 ‘재선 성공’ [시사타임즈 = 이미경 기자] 김병욱(현 국회의원) 더불어민주당 성남시 분당을 후보가 한편의 드라마 같은 대역전극을 펼치며, 제21대 국회의원에 당... http://timesisa.com//news/view.html?page=2&amp;section=79&amp;category=85&amp;no=25490",https://twitter.com/sisat12/status/1252040202400350211,0,0
2020-04-20,01:02:53,handicap_even,"""무엇보다 소득하위 70% 재난지원금 지급 원칙은 지난달 29일 문재인 대통령과 더불어민주당, 기재부가 모두 모인 당정청 모임에서 협의가 끝난 사안이다. 총선 기간에 표 떨어질까봐 정치인들이 던져놓은 말대포로 흔들어서는 안된다."" 민주당 의원들 정부에 대들지 마라 쥐기삔다",https://twitter.com/handicap_even/status/1252040004265627649,0,0
2020-04-20,01:02:02,janghoonin,"[총선 평 제3편-공작] 문재인 대통령을 지키고 사랑한다는 의미, 재난기금과 기재부의 거대한 음모 https://youtu.be/mETGxi43F6g @YouTube 님이 공유 신비TV 구독자 2.78만명 ~유튜브구독3만명가자~ #신비,김상호 @sinbi2010 @TheMinjoo_Kr #더불어민주당 @platformparty20 #더불어시민당",https://twitter.com/janghoonin/status/1252039791530532864,0,1
2020-04-20,00:57:10,hyang1294,더불어민주당 ~ 화이팅!,https://twitter.com/hyang1294/status/1252038566839939072,0,0
2020-04-20,00:54:23,metempirics,구미갑 더불어민주당 김철호 후보 해단식 http://www.m-i.kr/news/articleView.html?idxno=703140 김 후보는 “비록 TK에서 민주당이 싹쓸이 당했지만 '사람 사는 세상'은 결코 정치적 흥정의 대상이 될 수 없다”며 “다시 사람 사는 세상 희망의 불꽃을 밝히기 위해 봉하마을을 찾았다”고 했다. #구미갑 #김철호,https://twitter.com/metempirics/status/1252037863715172352,4,2
2020-04-20,00:50:22,janghoonin,2020년 4월 20일 아침뉴스 곽동숩니다 [곽동수TV] https://youtu.be/ytPqzCm-Ypc @YouTube 님이 공유 구독자 7.87만명 ~유튜브구독10만명가자~ #곽쌤 @savin2 @TheMinjoo_Kr #더불어민주당 @platformparty20 #더불어시민당,https://twitter.com/janghoonin/status/1252036853211037698,0,1
2020-04-20,00:47:22,chongjuhigh,"이인영 ""총선후 토지공개념·종교·언론 등 패권 재편“ 밝혀]이인영 더불어민주당 원내대표가 총선 이후 대한민국 체제를 본격적으로 사회주의 체제로 전환하겠다는 발톱을 드러냈다. (추부길)",https://twitter.com/chongjuhigh/status/1252036099255308288,0,0
2020-04-20,00:43:54,chongjuhigh,"(서울=뉴스1) 이우연 기자 = 공동선거대책위원장을 맡은 이인영 더불어민주당 원내대표는 13일 서울 광진을 고민정 후보 지원 유세에 나서 ""고 후보를 당선시켜주시면 저와 민주당은 100% 국민 모두에게 긴급재난지원금을 드리기 위해 전력을 다하겠다""고 말했다. ""(이우연)",https://twitter.com/chongjuhigh/status/1252035228777889792,0,0
2020-04-20,00:43:52,jangjuseong,말 안해도 알거같은 그 당. 더불어민주당 김병기 의원.,https://twitter.com/jangjuseong/status/1252035220401840128,0,0
2020-04-20,00:42:56,chongjuhigh,전라남도 나주시 화순군에서 당선된 더불어민주당 신정훈 후보가 전과 5범으로 가장 많은 전과 기록을 보유했다..(단비와미미) 10 리트윗,https://twitter.com/chongjuhigh/status/1252034984119898112,0,0
2020-04-20,00:37:39,janghoonin,마야 Maya Official https://www.youtube.com/user/mayamusiqofficial 구독자 3.54천명 ~유튜브구독5천명가자~ #Queenmayazzang @queenmayazzang @TheMinjoo_Kr #더불어민주당 @platformparty20 #더불어시민당,https://twitter.com/janghoonin/status/1252033654898876421,0,1
2020-04-20,00:36:34,chongjuhigh,비례대표는 미래통일당을 찍고 지역구는 더불어민주당을 찍는 사람이 있을까요? 지역구 득표율은 그것을 보여주고 있습니다. 분명히 전자개표기로 부정선거 한것이라 생각합니다 (황태순),https://twitter.com/chongjuhigh/status/1252033381715472384,0,0
2020-04-20,00:36:10,chongjuhigh,절반 수준입니다.이것이 말이 됩니까?비례대표 득표율대로 라면 지역구의원 더불어민주당 : 124석. 미래통일당은 : 125석이어야 합니다이것을 보고도 전자개표기 부정선거가 아니라고 의심하지 않는다면 그런 어리석은 바보는 없습니다. (황태순),https://twitter.com/chongjuhigh/status/1252033282335629312,0,0
2020-04-20,00:36:02,chongjuhigh,"[공감/펌] 2020년 4.15선거에 대한 소견, 아래글을 어떻게 생각하시는 지요? ---------지금 우리는 국민주권과 민주주의를 도둑맞았습니다. 왜냐하면 전자개표기가 아닌 수개표한 비례대표 득표율은 더불어민주당 33%. 미래통일당 34%입니다. 그런데 지역구는 163석/84석입니다. (황태순)",https://twitter.com/chongjuhigh/status/1252033247564816385,0,0
2020-04-20,00:35:11,chongjuhigh,"*통합당은 분열로 졌지만 우파는 분열하지 않았다. 미래통합당(84석)과 미래한국당(19석)을 합쳐서 103석, 더불어민주당 163석과 더불어시민당 17석을 합쳐 180석이다. 5 대 4가, 9 대 5로 대표된 것은 통합당의 공천실패를 반영한다. ,(조갑제",https://twitter.com/chongjuhigh/status/1252033031717584896,0,0
2020-04-20,00:28:57,TheMinjoo_Kr,[#씀] 200420 더불어민주당 최고위원회의 LIVE 생방송바로가기 https://youtu.be/pFOyTW-Zcws #더불어민주당 #최고위원회의,https://twitter.com/TheMinjoo_Kr/status/1252031465644101632,45,104
2020-04-20,00:28:53,harbal213,"열린 민주당이 새진보가 되고, 더불어 민주당이 새보수가 되고, 가짜보수 미래통합당은 해체되는 그날까지 함께 합시다.",https://twitter.com/harbal213/status/1252031447617032197,1,3
2020-04-20,00:26:31,wakchurch,#더불어민주당 헛소리 하지 말고 이차 추경안이나 잘 통과 시켜라 홍장관님 괴롭히지 말고,https://twitter.com/wakchurch/status/1252030853808443393,0,0
2020-04-20,00:22:54,skydie4,더불어 민주당의 서울대 93학번 동기.jpg | Daum카페 http://cafe.daum.net/ok1221/9Zdf/2009719?svc=daumapp&amp;bucket=toros_cafe_channel_base,https://twitter.com/skydie4/status/1252029943522881536,0,0
2020-04-20,00:22:07,janghoonin,[TBS 골방라이브/29회] 영화‘유령선’·세월호의 진실 / 4월 17일 (금) https://youtu.be/O5z5ph2Jmyo @YouTube 님이 공유 구독자 81.4만명 ~유튜브구독100만명가자~ #TBS시민의방송 @seoultbstv @TheMinjoo_Kr #더불어민주당 @platformparty20 #더불어시민당,https://twitter.com/janghoonin/status/1252029745958543361,0,1
2020-04-20,00:21:59,elucescentia,하여튼 씨발 더불어민주당에도 개씹새끼들 얼마나 많을지....,https://twitter.com/elucescentia/status/1252029713737895941,0,0
2020-04-20,00:10:20,xux_HR,더불어 민주당 김병기 비서관 일베충 &gt;이운웅&lt; 자살해,https://twitter.com/xux_HR/status/1252026780191297536,0,0
2020-04-20,00:10:09,TheMinjooAndy,"이낙연 ""총선 최대공적, 문대통령께 드려야..국난극복 최우선"" | 다음 뉴스 https://news.v.daum.net/v/20200419195224946 더불어민주당 이낙연 코로나19국난극복대책위원장은 19일 민주당의 총선 승리에 대해 ""이번 선거의 최대 공적은 뭐니뭐니 해도 문재인 대통령에게 드려야 옳다""고 말했다.",https://twitter.com/TheMinjooAndy/status/1252026733198364672,3,5
